candidate,logs_listed,string_matches,db_type,match,db_dbref,db_flags,db_name
Shenner,7,3305,UNKNOWN,,,,
Lynae,2,3049,PLAYER,exact,9311,POACF,Lynae
Johanna,2,2055,PLAYER,exact,9407,PACmF,Johanna
Dareus,3,1832,UNKNOWN,,,,
Axel,1,1812,PLAYER,exact,9768,PXACFk,Axel
Morganna,2,1595,UNKNOWN,,,,
Krieg,2,1555,PLAYER,exact,3692,PACF,Krieg
Mira,1,1196,PLAYER,exact,463,PXnACF,Mira
Lando,1,964,PLAYER,exact,3709,PACmF,Lando
Karrde,1,929,PLAYER,exact,5754,PwACZxF,Karrde
Ambrosia,1,927,PLAYER,exact,4866,PnACF,Ambrosia
Rasi,4,890,PLAYER,exact,1050,PnACFk,Rasi
Tyler,1,870,PLAYER,exact,3751,PACF,Tyler
Piper,1,746,UNKNOWN,,,,
Kyrin,1,742,PLAYER,exact,9395,PACF,Kyrin
Enb'Zik,4,733,PLAYER,exact,3562,PACF,Enb'Zik
Malus,2,665,PLAYER,exact,10062,PACcFT,Malus
Dante,1,615,UNKNOWN,,,,
Tokoga,40,589,PLAYER,exact,8189,PVnACmFk,Tokoga
Vengan,1,545,UNKNOWN,,,,
Chewbacca,16,516,PLAYER,exact,4816,PACF,Chewbacca
Snarl,8,512,PLAYER,exact,8277,PACF,Snarl
Shael,4,507,UNKNOWN,,,,
Kuxli,15,493,UNKNOWN,,,,
Aurejin,7,426,UNKNOWN,,,,
Serenella,4,420,PLAYER,exact,11297,PnACF,Serenella
Malif,1,405,PLAYER,exact,5316,PACF,Malif
Caiton,1,378,UNKNOWN,,,,
Juran,3,340,PLAYER,exact,6727,PAF,Juran
Gabi,10,339,THING,exact,6621,Tnp,Gabi
Korolov,1,328,PLAYER,exact,6501,PACcF,Korolov
Sabrina,2,325,PLAYER,exact,8223,PnACF,Sabrina
Drax,2,299,PLAYER,exact,4373,PACMF,Drax
Drew,1,287,PLAYER,exact,1982,PnACF,Drew
Ka'una,5,278,PLAYER,exact,10733,PACF,Ka'una
Zeak,2,270,PLAYER,exact,3765,PACF,Zeak
Tacra,8,261,UNKNOWN,,,,
Cricket,8,258,THING,exact,8720,TOXnp,Cricket
Urio'kosh,6,251,UNKNOWN,,,,
Webb,2,251,PLAYER,exact,8680,PAC,Webb
Qwynt,5,250,PLAYER,exact,8062,PnACF,Qwynt
Skeezix,3,247,UNKNOWN,,,,
Alistair,1,245,UNKNOWN,,,,
Danik Kreldin,79,244,PLAYER,firsttoken,8061,PACFo,Danik
Dreven,1,242,PLAYER,exact,1145,PnACF,Dreven
Altair,1,231,PLAYER,exact,3686,PACF,Altair
Rook,1,219,PLAYER,exact,5405,PnACF,Rook
Tand,8,217,UNKNOWN,,,,
Leo,2,216,PLAYER,exact,5965,PnACF,Leo
Kyo,1,216,UNKNOWN,,,,
Tal'sin,3,210,PLAYER,exact,9354,PnACF,Tal'sin
Luke Skywalker,115,201,PLAYER,firsttoken,2043,PAC,Luke
Mailyn,1,197,PLAYER,exact,1548,PnACF,Mailyn
Vauki,5,196,UNKNOWN,,,,
Kacela,6,193,UNKNOWN,,,,
Vermillion,1,193,UNKNOWN,,,,
Palpatine,1,187,PLAYER,exact,8971,PUnAF,Palpatine
Arands,2,177,PLAYER,exact,2444,PIXtACmF,Arands
Del,2,172,PLAYER,exact,5462,PnACF,Del
Di'anCecht,1,170,UNKNOWN,,,,
Leamer,2,167,UNKNOWN,,,,
Mahon,1,162,PLAYER,exact,6463,PACF,Mahon
Davyd,1,160,PLAYER,exact,9595,PACF,Davyd
Darth Malign,52,151,UNKNOWN,,,,
ak,11,149,UNKNOWN,,,,
Ackbar,2,147,UNKNOWN,,,,
Kaitlin,1,141,UNKNOWN,,,,
Xy'lear,1,141,PLAYER,exact,10106,PnAF,Xy'lear
Kintor,3,141,UNKNOWN,,,,
Kalna,1,137,PLAYER,exact,8648,PnACFk,Kalna
Howie,2,134,UNKNOWN,,,,
Sorin,2,134,PLAYER,exact,11998,PnACF,Sorin
Kelnas,6,134,PLAYER,exact,12027,PnACF,Kelnas
Pallando,2,133,PLAYER,exact,6469,PACZF,Pallando
Wrexan,8,131,PLAYER,exact,12032,PnACF,Wrexan
Athena,3,126,PLAYER,exact,7787,PXACFok,Athena
Priti,1,124,UNKNOWN,,,,
Jusre,3,120,UNKNOWN,,,,
Vek,5,117,UNKNOWN,,,,
Lianna,4,115,PLAYER,exact,10108,PACF,Lianna
Coreshan,2,114,UNKNOWN,,,,
Jonas,1,111,PLAYER,exact,11782,PnAF,Jonas
J'Eeves,5,109,PLAYER,exact,6777,PnACF,J'Eeves
Poguala,3,107,UNKNOWN,,,,
Kelvis,6,106,UNKNOWN,,,,
Dionysis,1,105,UNKNOWN,,,,
Burrachacca,1,105,UNKNOWN,,,,
Azya,2,103,PLAYER,exact,7316,PnACF,Azya
Marcus,2,103,PLAYER,exact,4330,PnACF,Marcus
Nun'ia,1,103,PLAYER,exact,1377,PnACF,Nun'ia
Sethas,2,102,UNKNOWN,,,,
Thanos,2,100,UNKNOWN,,,,
Lucky,2,99,UNKNOWN,,,,
Axel Vichten,54,99,PLAYER,firsttoken,9768,PXACFk,Axel
Ezlo,2,99,PLAYER,exact,11865,PnACF,Ezlo
R2-D2,12,97,THING,exact,5736,TO,R2-D2
Wes,3,96,UNKNOWN,,,,
Clarise,2,93,UNKNOWN,,,,
Krinko,2,92,UNKNOWN,,,,
Racra,1,89,UNKNOWN,,,,
Ilyana,3,89,UNKNOWN,,,,
Jessalyn Valios,152,88,PLAYER,firsttoken,3146,PIACmF,jessalyn
Tarlin,4,87,UNKNOWN,,,,
Frederiko,2,87,PLAYER,exact,5885,PACF,Frederiko
Juuka,2,87,PLAYER,exact,6252,PACFk,Juuka
Breecia,1,87,UNKNOWN,,,,
Shikh,1,86,UNKNOWN,,,,
Detjin,4,85,PLAYER,exact,4834,PIACmF,Detjin
Kian,3,84,UNKNOWN,,,,
Paul Nighman,57,83,UNKNOWN,,,,
Keifan,1,81,UNKNOWN,,,,
Jairen,3,80,UNKNOWN,,,,
Ara,2,79,UNKNOWN,,,,
Han Solo,20,77,PLAYER,firsttoken,1491,PACF,Han
Tarrin,4,76,UNKNOWN,,,,
Alac,2,76,PLAYER,exact,7437,PnACF,Alac
Lyra,2,75,PLAYER,exact,6575,PACF,Lyra
Korbel,1,75,PLAYER,exact,686,PwACF,Korbel
Jasmine,3,74,UNKNOWN,,,,
Lelila,5,74,UNKNOWN,,,,
Kathryn,4,74,UNKNOWN,,,,
Siva,1,74,UNKNOWN,,,,
Suana,2,74,PLAYER,exact,12007,PnACFk,Suana
N'Saldon,1,71,UNKNOWN,,,,
Ariani,2,67,UNKNOWN,,,,
Ikihsa Enb'Zik,42,67,UNKNOWN,,,,
Cade,1,67,PLAYER,exact,7472,PnACFk,Cade
Swanstee,2,66,UNKNOWN,,,,
Dylan,3,66,UNKNOWN,,,,
Selektah,3,66,UNKNOWN,,,,
Mephisto,2,65,PLAYER,exact,6034,PnACF,mephisto
Vanilla,2,64,THING,exact,12107,Tn,Vanilla
Kendell,1,64,UNKNOWN,,,,
Prashk,1,63,UNKNOWN,,,,
Sentinel,5,62,UNKNOWN,,,,
Ayaka,2,62,UNKNOWN,,,,
Tyler Damion,28,62,PLAYER,firsttoken,3751,PACF,Tyler
Harlock,1,61,UNKNOWN,,,,
Maethor,1,59,UNKNOWN,,,,
Steyl,1,59,UNKNOWN,,,,
Crimthan,2,57,UNKNOWN,,,,
Soren,1,56,UNKNOWN,,,,
Loki,1,56,UNKNOWN,,,,
Mojo,1,56,UNKNOWN,,,,
Tryno,2,54,UNKNOWN,,,,
Raven,1,54,UNKNOWN,,,,
Khirsah,3,53,UNKNOWN,,,,
Imriel,2,53,UNKNOWN,,,,
Halo,1,53,UNKNOWN,,,,
Hauwka,2,52,PLAYER,exact,11817,PnACF,Hauwka
Drorq,6,52,UNKNOWN,,,,
Markus Lisardis,17,52,PLAYER,firsttoken,9567,PUACF,Markus
Vaughan,1,52,PLAYER,exact,11388,PnAF,Vaughan
Lehec,3,51,UNKNOWN,,,,
Kithan,2,51,UNKNOWN,,,,
Samyok,3,50,PLAYER,exact,12026,PnACF,Samyok
Crystal,1,50,UNKNOWN,,,,
Zalla,3,50,UNKNOWN,,,,
Jarin,1,50,UNKNOWN,,,,
Inoga,2,49,UNKNOWN,,,,
Veruca Violet,15,48,THING,exact,12108,Tn,Veruca Violet
Xanatos,5,48,UNKNOWN,,,,
Elana Tracer,25,48,UNKNOWN,,,,
Fay,2,48,UNKNOWN,,,,
HM743,6,48,PLAYER,exact,6933,PnAF,HM743
Kaein,3,47,UNKNOWN,,,,
Defcon,2,47,UNKNOWN,,,,
Mersche,3,46,UNKNOWN,,,,
Simon Sezirok,62,46,PLAYER,firsttoken,7077,PACmF,Simon
Scar,1,45,UNKNOWN,,,,
Lanze,1,45,PLAYER,exact,11282,PnACFk,Lanze
Naldo,2,44,UNKNOWN,,,,
Mitra,2,44,UNKNOWN,,,,
Sung,2,44,THING,exact,7185,Tenp,Sung
Kyrin Sh'vani,49,43,PLAYER,firsttoken,9395,PACF,Kyrin
Terrin,1,43,UNKNOWN,,,,
Khil,2,43,PLAYER,exact,749,PnACF,Khil
Lando Calrissian,18,43,PLAYER,firsttoken,3709,PACmF,Lando
Krel,2,42,THING,exact,1042,TXahMp,Krel
Talon Karrde,13,42,UNKNOWN,,,,
Korynn Fleming,39,42,PLAYER,firsttoken,11044,PACFk,Korynn
Crestian Tarasar,54,41,PLAYER,firsttoken,5921,PnACF,Crestian
Galin,3,41,PLAYER,exact,11461,PnAF,Galin
Gren Delede,28,41,UNKNOWN,,,,
Lepidoptera,4,41,UNKNOWN,,,,
Scrat,2,40,UNKNOWN,,,,
Bazil McKenzie,57,40,PLAYER,firsttoken,9199,PXACcxF,Bazil
Lynae Cassius,100,40,PLAYER,firsttoken,9311,POACF,Lynae
Bourne,2,40,UNKNOWN,,,,
Paladin,1,40,UNKNOWN,,,,
Feylin,2,40,UNKNOWN,,,,
Orson Tighe,59,40,UNKNOWN,,,,
Halos,1,40,UNKNOWN,,,,
Al'Dira,1,40,PLAYER,exact,11521,PnAF,Al'Dira
Lila,1,39,UNKNOWN,,,,
Auo,3,39,UNKNOWN,,,,
Vectus,3,39,PLAYER,exact,4670,PACF,Vectus
Russel,2,39,UNKNOWN,,,,
Aren,1,38,UNKNOWN,,,,
Ewan Dain,9,38,UNKNOWN,,,,
Sinter,2,37,UNKNOWN,,,,
Whorus,2,37,UNKNOWN,,,,
Kesander Beysarus,27,36,UNKNOWN,,,,
Darth Venger,2,36,UNKNOWN,,,,
Satine,1,36,UNKNOWN,,,,
Whitney,3,36,UNKNOWN,,,,
Singe,1,36,UNKNOWN,,,,
Shovadu,2,35,UNKNOWN,,,,
Ryder,2,35,UNKNOWN,,,,
Harmon,1,35,PLAYER,exact,10542,PnAF,Harmon
Raver,1,35,UNKNOWN,,,,
Durjan,1,35,UNKNOWN,,,,
V1C3,6,35,THING,exact,12106,Tn,V1C3
Stail,1,35,UNKNOWN,,,,
Bruno,2,34,UNKNOWN,,,,
Lorn Rhys,9,34,UNKNOWN,,,,
Wedge,1,34,PLAYER,exact,3514,PUnACFo,Wedge
Quick,1,34,UNKNOWN,,,,
Aerilaya,3,34,UNKNOWN,,,,
Maelle,1,33,UNKNOWN,,,,
Murdock,2,33,PLAYER,exact,4104,PACMF,Murdock
Boba Fett,4,33,PLAYER,exact,8672,PACF,Boba_Fett
Chez'na,1,32,PLAYER,exact,11317,PACF,Chez'na
Coreen,2,32,UNKNOWN,,,,
Ahkaurakh,1,32,UNKNOWN,,,,
Zaalbacca,4,32,UNKNOWN,,,,
Meissa,2,31,UNKNOWN,,,,
Yadumu,1,31,UNKNOWN,,,,
Lokus,1,31,UNKNOWN,,,,
Machkeu,1,31,UNKNOWN,,,,
Sid,1,31,UNKNOWN,,,,
Ramyxth,4,31,UNKNOWN,,,,
Avitar,3,31,UNKNOWN,,,,
Ayra,1,30,UNKNOWN,,,,
Qua'lor,1,30,PLAYER,exact,11995,PenAF,Qua'lor
Dagon,1,30,UNKNOWN,,,,
Eva Sargent,11,30,UNKNOWN,,,,
Xanthe,1,29,UNKNOWN,,,,
Maxxen,1,29,UNKNOWN,,,,
Tyy'sun Eson,26,29,PLAYER,firsttoken,3655,PACFk,Tyy'sun
Shoburhynn,2,29,UNKNOWN,,,,
Kora,1,29,UNKNOWN,,,,
Lanthazar,1,29,UNKNOWN,,,,
Merk,2,29,UNKNOWN,,,,
Euphoria,3,29,THING,exact,10725,Tn,Euphoria
Miranda Jabs,7,29,UNKNOWN,,,,
Ghost 8,1,29,UNKNOWN,,,,
Sneer,1,29,UNKNOWN,,,,
Aldus Thel,14,29,UNKNOWN,,,,
Loraiil,2,29,UNKNOWN,,,,
Korlen,1,29,PLAYER,exact,887,PnAF,Korlen
Vix,1,28,UNKNOWN,,,,
Gar'thriln,1,28,PLAYER,exact,5415,PXACF,Gar'thriln
Munch,2,28,UNKNOWN,,,,
Mege Vauki,11,28,UNKNOWN,,,,
Armstrong,1,28,UNKNOWN,,,,
Vassily Korolov,30,27,UNKNOWN,,,,
Toryn,2,27,UNKNOWN,,,,
Alder,2,27,UNKNOWN,,,,
Antoine Dareus,55,27,UNKNOWN,,,,
Wynn Ryder,2,27,PLAYER,firsttoken,9927,PnACF,Wynn
Mailyn Raines,5,27,PLAYER,firsttoken,1548,PnACF,Mailyn
Nynaeve,1,26,PLAYER,exact,957,PXACF,Nynaeve
Johanna Siri te Danaan,66,26,PLAYER,firsttoken,9407,PACmF,Johanna
Rodo,1,26,UNKNOWN,,,,
Sufa,1,26,UNKNOWN,,,,
Quila,1,26,UNKNOWN,,,,
Ambrosia Delgard,62,26,PLAYER,firsttoken,4866,PnACF,Ambrosia
Cole,1,26,UNKNOWN,,,,
Tantrix,1,25,UNKNOWN,,,,
Sandor Woden,22,25,UNKNOWN,,,,
Zubindi Hakoon,15,25,PLAYER,firsttoken,4715,PnACF,Zubindi
Cheko,1,25,UNKNOWN,,,,
Ricoar,1,25,UNKNOWN,,,,
Zarcane,1,25,UNKNOWN,,,,
Uriel,1,24,UNKNOWN,,,,
Kain,1,24,UNKNOWN,,,,
Jal'Dana Rall,31,24,PLAYER,firsttoken,8802,PIACF,Jal'Dana
Ansforth,1,24,PLAYER,exact,10920,PACF,Ansforth
Winthrop,1,24,UNKNOWN,,,,
Dawn,1,24,UNKNOWN,,,,
Captain Diggs,1,24,UNKNOWN,,,,
Verin,1,24,UNKNOWN,,,,
Stoneface,1,23,UNKNOWN,,,,
Drayson Honos,12,23,UNKNOWN,,,,
Eddie,1,23,UNKNOWN,,,,
Ta'Keshi,1,23,PLAYER,exact,378,PnACF,Ta'Keshi
Emma,1,23,THING,exact,8814,TM,Emma
Kyyiriiwur,2,23,UNKNOWN,,,,
Shannon,1,23,PLAYER,exact,6115,PnACF,Shannon
Colin,2,23,UNKNOWN,,,,
Fulk,1,23,UNKNOWN,,,,
Mitler,2,22,UNKNOWN,,,,
Kierv,3,22,UNKNOWN,,,,
Grei,1,22,UNKNOWN,,,,
TK-2501,1,22,UNKNOWN,,,,
Gillian,1,22,UNKNOWN,,,,
Legato,1,22,UNKNOWN,,,,
Hanna,1,22,UNKNOWN,,,,
Rixt,3,22,PLAYER,exact,286,PnAF,Rixt
Snal'Fashtalli,1,22,UNKNOWN,,,,
Lavender,2,21,UNKNOWN,,,,
Seyyid,1,21,UNKNOWN,,,,
Methos,2,21,UNKNOWN,,,,
Cort Stasus,10,21,PLAYER,firsttoken,11999,PnACFk,Cort
Aidon,1,21,UNKNOWN,,,,
Yashar,1,21,UNKNOWN,,,,
Loy Marin,6,21,PLAYER,exact,3005,PACmF,Loy_Marin
Vzzee,1,21,UNKNOWN,,,,
Gorgan,1,21,UNKNOWN,,,,
Alan,1,21,UNKNOWN,,,,
Ressec,2,21,UNKNOWN,,,,
Dak,1,20,UNKNOWN,,,,
Zhamari,1,20,UNKNOWN,,,,
Ross,1,20,UNKNOWN,,,,
Drax Rendolen,14,20,PLAYER,firsttoken,4373,PACMF,Drax
Jingle,1,20,UNKNOWN,,,,
Rislyn,1,20,UNKNOWN,,,,
Toby,2,20,UNKNOWN,,,,
Reveal,2,20,UNKNOWN,,,,
Nate,1,20,UNKNOWN,,,,
Raj,3,20,UNKNOWN,,,,
Raxis L'ygr,49,20,UNKNOWN,,,,
Thurston Unger,4,19,PLAYER,firsttoken,11933,PACFk,Thurston
Ivar,1,19,UNKNOWN,,,,
Ash Seneal,3,19,UNKNOWN,,,,
Hotwire,1,19,UNKNOWN,,,,
Wilks,1,19,UNKNOWN,,,,
Naota,1,18,UNKNOWN,,,,
Shintu,2,18,UNKNOWN,,,,
Lance Corbet,22,18,UNKNOWN,,,,
ST-1337,1,18,UNKNOWN,,,,
Grizz,4,18,UNKNOWN,,,,
Biff,1,18,UNKNOWN,,,,
Roberto,1,18,UNKNOWN,,,,
Estos,1,18,UNKNOWN,,,,
Lynae Caiton,8,18,PLAYER,firsttoken,9311,POACF,Lynae
Salty Jack,1,18,UNKNOWN,,,,
501-Zed,5,18,PLAYER,exact,10495,PVACF,501-Zed
Auntie Maya,1,18,UNKNOWN,,,,
Moore,1,17,UNKNOWN,,,,
Tiny,1,17,UNKNOWN,,,,
Kiff,1,17,UNKNOWN,,,,
Dauthus,2,17,PLAYER,exact,3855,PUXACF,Dauthus
Ephant Mon,2,17,UNKNOWN,,,,
Lono,1,17,UNKNOWN,,,,
Nesin,1,17,UNKNOWN,,,,
Mella,1,17,PLAYER,exact,5326,PnAF,Mella
Kretzman,1,17,UNKNOWN,,,,
C4,1,17,UNKNOWN,,,,
Staus,1,17,UNKNOWN,,,,
Cirah,1,17,UNKNOWN,,,,
Bavon Nass,4,17,UNKNOWN,,,,
Dyrna,1,17,UNKNOWN,,,,
Chef,1,16,UNKNOWN,,,,
Petra Doom,7,16,PLAYER,firsttoken,1716,PACF,Petra
Tantra,1,16,UNKNOWN,,,,
Sean,1,16,UNKNOWN,,,,
Claven,1,16,UNKNOWN,,,,
Zeak Oppenhiemer,15,16,PLAYER,firsttoken,3765,PACF,Zeak
Bronwyn,1,16,UNKNOWN,,,,
Chapman,1,16,UNKNOWN,,,,
Fortune,2,16,UNKNOWN,,,,
Coleman,1,16,UNKNOWN,,,,
SH0RTY,1,16,UNKNOWN,,,,
Malif Tal-Tahn,27,15,PLAYER,firsttoken,5316,PACF,Malif
Barnacle Bill,1,15,UNKNOWN,,,,
Jali,1,15,UNKNOWN,,,,
Wibble,1,15,PLAYER,exact,3911,PnACF,Wibble
Kyyel Marrak,12,15,PLAYER,firsttoken,4410,PACF,Kyyel
Hoolihan,1,15,UNKNOWN,,,,
Twila Virda,27,15,PLAYER,firsttoken,9990,PUACF,Twila
Dreven Mercurio,12,15,PLAYER,firsttoken,1145,PnACF,Dreven
Andra,2,15,UNKNOWN,,,,
Leia Organa,2,15,PLAYER,firsttoken,3147,PACmF,Leia
Siege,1,14,UNKNOWN,,,,
Quinne Stardust Rose,9,14,PLAYER,firsttoken,2608,PnACF,Quinne
Calyx Drogyn,10,14,UNKNOWN,,,,
Geroam,2,14,UNKNOWN,,,,
Bochek,1,14,UNKNOWN,,,,
Tarshyyk,2,14,PLAYER,exact,3023,PnAF,Tarshyyk
Coxswain,1,14,UNKNOWN,,,,
Dane Noth,8,14,UNKNOWN,,,,
Sulla,1,14,UNKNOWN,,,,
Ment,1,13,UNKNOWN,,,,
Landis,1,13,UNKNOWN,,,,
Chakuro,1,13,PLAYER,exact,231,PnACF,Chakuro
Comdore,1,13,UNKNOWN,,,,
Chase,1,13,PLAYER,exact,9436,PACF,Chase
Haihai,1,13,UNKNOWN,,,,
Balak,1,13,UNKNOWN,,,,
Leate,1,13,UNKNOWN,,,,
Liza Molokai,42,13,PLAYER,firsttoken,8364,PlACF,Liza
2SK-MI,3,13,UNKNOWN,,,,
Collier,1,13,UNKNOWN,,,,
Johmac Mabru,12,13,PLAYER,firsttoken,1832,PnACF,Johmac
Naria,1,13,UNKNOWN,,,,
Rogen,1,13,UNKNOWN,,,,
Gienah,1,13,UNKNOWN,,,,
Commander Calder,1,13,UNKNOWN,,,,
Moira,1,12,UNKNOWN,,,,
Rassa,2,12,UNKNOWN,,,,
Dracon,1,12,UNKNOWN,,,,
Joworral,2,12,UNKNOWN,,,,
Razi,1,12,UNKNOWN,,,,
Alban,1,12,PLAYER,exact,9842,PnAF,Alban
Jaspar Andromidas,25,12,PLAYER,firsttoken,4049,PACF,Jaspar
Rahvin,1,12,UNKNOWN,,,,
Coda,1,12,UNKNOWN,,,,
Denyse,1,12,UNKNOWN,,,,
Sayla'kor,1,12,UNKNOWN,,,,
Brandis Finian,14,12,PLAYER,firsttoken,2057,PnACF,Brandis
Yinda,1,12,UNKNOWN,,,,
Seifer Wolf,28,12,UNKNOWN,,,,
Brain,1,12,THING,exact,6232,TDOn,Brain
Rake,1,12,UNKNOWN,,,,
Tegger,1,12,UNKNOWN,,,,
Kryan,1,12,UNKNOWN,,,,
Tivadar,1,12,PLAYER,exact,10570,PUAFo,Tivadar
Draga the Hutt,3,12,PLAYER,firsttoken,4952,PACF,Draga
Poot,1,12,UNKNOWN,,,,
Imral,2,12,UNKNOWN,,,,
Cherish,1,11,THING,exact,11532,Tn,Cherish
Solon Halwinder,6,11,PLAYER,exact,5570,PACF,Solon_Halwinder
Ethan Katana,4,11,PLAYER,firsttoken,2000,PXACF,Ethan
Monntok,1,11,UNKNOWN,,,,
Skrit,1,11,UNKNOWN,,,,
Spencer,1,11,UNKNOWN,,,,
Morganna Tazecks,36,11,UNKNOWN,,,,
Vophsi,2,11,PLAYER,exact,1893,PnACF,Vophsi
Crix Madine,2,11,UNKNOWN,,,,
Adler,1,11,UNKNOWN,,,,
Tathleach,1,11,UNKNOWN,,,,
Mari,1,11,UNKNOWN,,,,
Chongatakiee,1,11,UNKNOWN,,,,
Admiral Harkenson,2,11,UNKNOWN,,,,
Darth Malus,8,11,UNKNOWN,,,,
Drocal Arconen,3,11,UNKNOWN,,,,
Vengan Draelis,22,11,UNKNOWN,,,,
Ernie Pallando,1,11,UNKNOWN,,,,
Serenella Jordain,14,11,PLAYER,firsttoken,11297,PnACF,Serenella
Joshua Arands,5,11,UNKNOWN,,,,
Dracolysk,2,11,UNKNOWN,,,,
Basca Starker,9,11,UNKNOWN,,,,
Krieg Inrokana,64,11,PLAYER,firsttoken,3692,PACF,Krieg
Shiari Vane,13,11,UNKNOWN,,,,
Kracen Ecks,7,10,UNKNOWN,,,,
Daana Roon,5,10,PLAYER,firsttoken,9683,PACF,Daana
Wedge Antilles,5,10,PLAYER,firsttoken,3514,PUnACFo,Wedge
Zergo,1,10,UNKNOWN,,,,
Aleh,1,10,UNKNOWN,,,,
Mekeal,1,10,UNKNOWN,,,,
Handon,1,10,UNKNOWN,,,,
Zeebok,1,10,UNKNOWN,,,,
Shem,1,10,UNKNOWN,,,,
Tholt,1,10,UNKNOWN,,,,
Thomas Mahon,7,10,UNKNOWN,,,,
Ambar,1,10,UNKNOWN,,,,
Gavin Shai,3,10,PLAYER,firsttoken,6618,PIaACF,Gavin
Halloway,1,10,UNKNOWN,,,,
Krozit,1,10,UNKNOWN,,,,
Dash Blazer,4,10,PLAYER,firsttoken,9338,PenAF,Dash
Jocal,1,10,UNKNOWN,,,,
Kipran Jawatha,7,9,THING,exact,6874,TOXenp,Kipran Jawatha
Lokiru,1,9,UNKNOWN,,,,
Jaykub,1,9,PLAYER,exact,5501,PnACF,Jaykub
Sabrina Rheatis,12,9,PLAYER,firsttoken,8223,PnACF,Sabrina
Colonel Desson,1,9,UNKNOWN,,,,
Tanis Cadell,8,9,UNKNOWN,,,,
Jayden,1,9,PLAYER,exact,1792,PenAF,Jayden
Dydron,1,9,UNKNOWN,,,,
Maris Becton,6,9,PLAYER,firsttoken,6261,PwAFk,Maris
Dayna,1,9,UNKNOWN,,,,
Stelita,1,9,UNKNOWN,,,,
Wrista Ipex,17,9,PLAYER,firsttoken,11094,PnACF,Wrista
Perem,1,9,UNKNOWN,,,,
Kieran,1,9,UNKNOWN,,,,
Krackor Reincus,8,9,PLAYER,firsttoken,3296,PnACF,Krackor
Jarek Syris,7,9,PLAYER,firsttoken,10154,PAF,Jarek
Lanil Jast,15,9,PLAYER,firsttoken,4686,PnACF,Lanil
Atsvara Tarasar,25,9,THING,exact,12102,Tn,Atsvara Tarasar
Kegren'Te,3,9,UNKNOWN,,,,
Gunter,1,9,UNKNOWN,,,,
Viktor Faust,5,9,PLAYER,firsttoken,881,PnAF,Viktor
Morganth,1,9,UNKNOWN,,,,
Trrs'kal,1,9,UNKNOWN,,,,
Lavrish'lin,1,9,UNKNOWN,,,,
Barakzai,1,9,PLAYER,exact,3439,PnAF,Barakzai
Sha-Cha Cha,1,9,UNKNOWN,,,,
Stanley,1,8,UNKNOWN,,,,
Sirlahn Inglet,2,8,UNKNOWN,,,,
Karawn'Rai,2,8,PLAYER,exact,8929,PnAF,Karawn'Rai
Jenkins,1,8,UNKNOWN,,,,
Altair Quila,16,8,PLAYER,firsttoken,3686,PACF,Altair
Nara Rhen,14,8,PLAYER,firsttoken,11822,PnACF,Nara
Nurse Gwen,1,8,UNKNOWN,,,,
Rawkrawr,1,8,UNKNOWN,,,,
Terral,1,8,UNKNOWN,,,,
k'Halat,1,8,PLAYER,exact,5090,PAF,k'Halat
Sidra,2,8,UNKNOWN,,,,
Nol'Fet,1,8,UNKNOWN,,,,
Darkholme,1,8,UNKNOWN,,,,
AD-01,1,8,PLAYER,exact,9195,PnAF,AD-01
Simone Drake,31,8,UNKNOWN,,,,
Vextin Mandor,7,8,UNKNOWN,,,,
Scaven Marx,5,8,PLAYER,firsttoken,11640,PnACF,Scaven
Tycho,1,8,UNKNOWN,,,,
Unnh,1,8,UNKNOWN,,,,
Sha Dark,4,8,UNKNOWN,,,,
Bacharan Valak,4,7,UNKNOWN,,,,
Glitter,1,7,UNKNOWN,,,,
Kasha Tabasuri,10,7,PLAYER,firsttoken,11724,PnACF,Kasha
Sia Cia,1,7,UNKNOWN,,,,
Aramis Tyrese,11,7,UNKNOWN,,,,
Ferrak,1,7,PLAYER,exact,1336,PnACF,Ferrak
John Donivan,3,7,UNKNOWN,,,,
T3-A7,1,7,UNKNOWN,,,,
Mysti,1,7,UNKNOWN,,,,
Mevid,1,7,UNKNOWN,,,,
Xianna,1,7,UNKNOWN,,,,
Grunax,1,7,UNKNOWN,,,,
Sev,1,7,UNKNOWN,,,,
Giles Pendleton,1,7,UNKNOWN,,,,
Kestryan du Bracc,2,7,UNKNOWN,,,,
cadracak-'r'shak,1,7,UNKNOWN,,,,
Leo Corak,17,7,PLAYER,firsttoken,5965,PnACF,Leo
Ridge Archilles,9,7,PLAYER,firsttoken,140,PnACF,Ridge
Liuz Bogumil,3,7,UNKNOWN,,,,
Morrison Van Sen,10,7,PLAYER,firsttoken,8202,PIACF,Morrison
Ssanyu Natrulon,9,7,PLAYER,firsttoken,11588,PnACFk,Ssanyu
Ramsey,1,7,UNKNOWN,,,,
Sonja Damion,3,7,UNKNOWN,,,,
Gorath,1,7,UNKNOWN,,,,
Thralo,1,7,UNKNOWN,,,,
Sharid,1,7,UNKNOWN,,,,
Troy McTavish,7,6,PLAYER,firsttoken,9105,PIACF,Troy
Mara Shinomiya,2,6,UNKNOWN,,,,
Salin Fawzy,4,6,UNKNOWN,,,,
K'tyyri Tarashabi,10,6,PLAYER,firsttoken,3768,PnACF,K'tyyri
Hinrich,1,6,UNKNOWN,,,,
Dorian Navtilos,5,6,UNKNOWN,,,,
Seth Skyler,5,6,UNKNOWN,,,,
Naten Bonrue,3,6,UNKNOWN,,,,
Geophreigh Smitherbodkins IV,22,6,UNKNOWN,,,,
Boo-T,1,6,UNKNOWN,,,,
L3-ET,1,6,UNKNOWN,,,,
Keeros,1,6,UNKNOWN,,,,
Wiyaana,1,6,UNKNOWN,,,,
Camrath Kizuka,8,6,UNKNOWN,,,,
Alexin,1,6,UNKNOWN,,,,
Rasi Praddhan Cen,61,6,PLAYER,firsttoken,1050,PnACFk,Rasi
Tanith,1,6,UNKNOWN,,,,
Kitterick Brandis Finian,2,6,UNKNOWN,,,,
Monk Hugo,1,6,THING,exact,7766,TOXnp,Monk Hugo
Aleister Vadim,2,6,UNKNOWN,,,,
Co'Libri,1,6,UNKNOWN,,,,
Arissa Kiiko,10,6,PLAYER,firsttoken,2104,PIACF,Arissa
Seth Senesca,2,6,UNKNOWN,,,,
Quarren Ambassador,1,6,UNKNOWN,,,,
Corliss,1,6,UNKNOWN,,,,
Nastaran Zohreh,5,6,PLAYER,firsttoken,4837,PnACF,Nastaran
Shenneret Veery,31,6,UNKNOWN,,,,
Cernious Vry'lya,2,6,UNKNOWN,,,,
ST-2034,1,6,UNKNOWN,,,,
Peshk Vry'lya,1,6,PLAYER,firsttoken,5006,PnACF,Peshk
Brek Halsmer,14,6,PLAYER,firsttoken,11828,PnAF,Brek
Simetha,2,6,UNKNOWN,,,,
Slash,1,6,UNKNOWN,,,,
Molari Canto,3,6,UNKNOWN,,,,
Adam Shadow,8,6,PLAYER,firsttoken,11813,PnAF,Adam
TK-2503,1,6,UNKNOWN,,,,
TK-4792,1,6,UNKNOWN,,,,
Cerdle,1,6,UNKNOWN,,,,
Dariza Ipex,1,6,UNKNOWN,,,,
Juan,1,6,UNKNOWN,,,,
Rhiannon,1,6,UNKNOWN,,,,
Jager,1,6,UNKNOWN,,,,
Viszla,1,6,UNKNOWN,,,,
Ta-Nui-Bonda,1,6,UNKNOWN,,,,
Eeth Mentel,1,5,UNKNOWN,,,,
Yellowtail,1,5,UNKNOWN,,,,
Tarroc D'agor,2,5,PLAYER,firsttoken,10105,PnACF,Tarroc
Devyn,2,5,UNKNOWN,,,,
Kyle Senesca,1,5,PLAYER,exact,2483,PACFo,Kyle_Senesca
Attibecca,1,5,UNKNOWN,,,,
Barrien Thrask,8,5,UNKNOWN,,,,
Leia Organa Solo,49,5,PLAYER,firsttoken,3147,PACmF,Leia
Sadim Gnik,8,5,PLAYER,firsttoken,11433,PACF,Sadim
Nelle,2,5,UNKNOWN,,,,
Tibor Stasio,1,5,UNKNOWN,,,,
Katala,1,5,UNKNOWN,,,,
Rasi Cen,1,5,PLAYER,firsttoken,1050,PnACFk,Rasi
Snal'Fashtalli Teague-Ikihsa,14,5,UNKNOWN,,,,
Tak Dagon,4,5,UNKNOWN,,,,
Sernz,1,5,UNKNOWN,,,,
Alex Dante,35,5,UNKNOWN,,,,
Zeak Oppenheimer,2,5,PLAYER,firsttoken,3765,PACF,Zeak
Szaric,1,5,UNKNOWN,,,,
Ernest Pallando,5,5,UNKNOWN,,,,
Emmit,1,5,UNKNOWN,,,,
Myiari Oerstead,33,5,PLAYER,firsttoken,9277,PnACF,Myiari
Tredo,1,5,UNKNOWN,,,,
Jamon Grendine,3,5,UNKNOWN,,,,
Loor,1,5,UNKNOWN,,,,
Nat Pagle,1,5,UNKNOWN,,,,
Hora,1,5,UNKNOWN,,,,
Naqua,1,5,UNKNOWN,,,,
Tritus Vaticus,8,5,PLAYER,firsttoken,7355,PACF,Tritus
Anatoli Black,2,5,UNKNOWN,,,,
Grubba the Hutt,1,5,UNKNOWN,,,,
Xar'on Tanner,14,5,UNKNOWN,,,,
Darenak Alesis,6,5,UNKNOWN,,,,
Daxin,1,5,UNKNOWN,,,,
TC-81,2,5,UNKNOWN,,,,
Ven Secura,2,5,UNKNOWN,,,,
ST-9042,1,5,UNKNOWN,,,,
Argon Brand,11,5,PLAYER,firsttoken,2398,PnACFk,Argon
Aido Or,1,5,UNKNOWN,,,,
Jonau Diggs,6,5,UNKNOWN,,,,
Rika,1,5,UNKNOWN,,,,
Tsaran Joir,26,5,UNKNOWN,,,,
Gimel Daleth,5,5,THING,firsttoken,4567,TOXahMp,Gimel
Dar'siden,1,5,PLAYER,exact,5021,PACF,Dar'siden
Longinus Van Sen,5,5,UNKNOWN,,,,
Ambry,1,5,UNKNOWN,,,,
Captain Durjan,1,5,UNKNOWN,,,,
Comwiz,1,4,UNKNOWN,,,,
Janos Audron,3,4,UNKNOWN,,,,
Inanna Jordain,13,4,UNKNOWN,,,,
Liora Kovani,9,4,UNKNOWN,,,,
Phair Kreiss,3,4,UNKNOWN,,,,
Loreck Hawkins,3,4,PLAYER,firsttoken,4014,PnACF,Loreck
Ver-Tak Kai,1,4,UNKNOWN,,,,
Agent McKenna,2,4,UNKNOWN,,,,
James K'Cusi,2,4,UNKNOWN,,,,
Declan Rahn,3,4,PLAYER,firsttoken,4654,PnACF,Declan
Ai'kani Za'netra,21,4,PLAYER,firsttoken,7786,PAFo,Ai'kani
Shael Winters,7,4,UNKNOWN,,,,
Elly,1,4,UNKNOWN,,,,
Takajin,1,4,UNKNOWN,,,,
Nasiri Gejalli,11,4,PLAYER,firsttoken,1329,PnACF,Nasiri
Valen,1,4,UNKNOWN,,,,
Mr. Stone,1,4,UNKNOWN,,,,
Jalek Helion,2,4,UNKNOWN,,,,
Madixli,1,4,UNKNOWN,,,,
Amelia Hawthorne,1,4,UNKNOWN,,,,
Jeni Donella,1,4,PLAYER,firsttoken,1741,PACF,Jeni
Doril Farnsworth,2,4,UNKNOWN,,,,
Resniz,1,4,UNKNOWN,,,,
Alex Raven,1,4,UNKNOWN,,,,
Casul Nettic,1,4,UNKNOWN,,,,
Amaya Halos,4,4,UNKNOWN,,,,
Jessica Marama,1,4,PLAYER,firsttoken,9686,PIXnACF,Jessica
Marrell Thelin,1,4,UNKNOWN,,,,
Tequa,1,4,UNKNOWN,,,,
Dagger 3,1,4,THING,firsttoken,1468,Tn,Dagger
Jayla Burano,1,4,UNKNOWN,,,,
Bastirio,1,4,UNKNOWN,,,,
Jalek Wessiri,2,4,UNKNOWN,,,,
Karn,1,4,UNKNOWN,,,,
Chaboub,1,4,UNKNOWN,,,,
Timo Droja,1,4,UNKNOWN,,,,
Dises Diaglo,2,4,UNKNOWN,,,,
Jordaan Mag,2,4,UNKNOWN,,,,
Lauranne Tremichall,3,4,PLAYER,firsttoken,10708,PXnACF,Lauranne
Etiel te Danaan,5,4,UNKNOWN,,,,
Uliq,1,4,UNKNOWN,,,,
Zerae,1,4,UNKNOWN,,,,
Cataleya,1,3,PLAYER,exact,8461,PnACFk,Cataleya
Gustaf Heram,4,3,UNKNOWN,,,,
Captain Lofte,1,3,UNKNOWN,,,,
Lon Cotaar,1,3,UNKNOWN,,,,
Lara Grayson,2,3,UNKNOWN,,,,
Jakys Vry'lya,2,3,UNKNOWN,,,,
Del Marx,6,3,PLAYER,firsttoken,5462,PnACF,Del
Aned Kirkland,2,3,UNKNOWN,,,,
Vek Eldar,1,3,UNKNOWN,,,,
Jak McCulloch,1,3,UNKNOWN,,,,
Latar Zaff,2,3,UNKNOWN,,,,
Chantinelle Thistleborn,6,3,UNKNOWN,,,,
Luther Syss,2,3,UNKNOWN,,,,
Goruk,1,3,UNKNOWN,,,,
Davyd Levvis,13,3,PLAYER,firsttoken,9595,PACF,Davyd
Tarrin Stardiver,1,3,UNKNOWN,,,,
Janus Tarasar,2,3,THING,exact,12103,Tn,Janus Tarasar
Bil Faan,1,3,UNKNOWN,,,,
Mira Isaria,31,3,PLAYER,firsttoken,463,PXnACF,Mira
Kines,1,3,UNKNOWN,,,,
Wescal Cantrell,21,3,UNKNOWN,,,,
Whitney Pallando,1,3,UNKNOWN,,,,
Da'Shi,1,3,UNKNOWN,,,,
Brackett Benduday,2,3,UNKNOWN,,,,
Nooto,1,3,UNKNOWN,,,,
Javin Mitali,7,3,UNKNOWN,,,,
Bias,1,3,UNKNOWN,,,,
Beatrix Mara,1,3,PLAYER,firsttoken,8688,PnAF,Beatrix
Songir Fentrus,1,3,UNKNOWN,,,,
Barvareedee,1,3,UNKNOWN,,,,
Juran Reinzhiner,13,3,PLAYER,firsttoken,6727,PAF,Juran
Unb'tar,1,3,UNKNOWN,,,,
Demetria,1,3,UNKNOWN,,,,
Karina,1,3,PLAYER,exact,6939,PnACF,Karina
Nachkt'lyysk,2,3,UNKNOWN,,,,
Terin,1,3,UNKNOWN,,,,
Hase Stargazer,3,3,UNKNOWN,,,,
Hal Seiser,1,3,PLAYER,firsttoken,12005,PACF,Hal
Glory Lockhart,1,3,UNKNOWN,,,,
Dandoi,1,3,UNKNOWN,,,,
Kiare Quinn,3,3,PLAYER,firsttoken,10421,PACF,Kiare
Wilhelm Krieger,2,3,UNKNOWN,,,,
Montgomery,1,3,UNKNOWN,,,,
Kyokusha Gackt,11,3,PLAYER,firsttoken,2877,PACF,Kyokusha
Krel Scrinae,3,3,THING,firsttoken,1042,TXahMp,Krel
Trett Hilo,1,3,UNKNOWN,,,,
Jae Ten,2,3,PLAYER,firsttoken,9322,PnACF,Jae
Ethan Cassius,1,3,PLAYER,firsttoken,2000,PXACF,Ethan
Motwa Torra,1,3,UNKNOWN,,,,
Sinjon Teague,5,3,PLAYER,exact,7121,PnAF,Sinjon_Teague
Kola,1,3,UNKNOWN,,,,
Sigil Rexton,1,3,UNKNOWN,,,,
Kartijan Lore,3,3,PLAYER,firsttoken,9521,PXACF,Kartijan
Lyshi,1,3,UNKNOWN,,,,
Obi-Wan Kenobi,1,3,UNKNOWN,,,,
Bossil Perlee,1,3,UNKNOWN,,,,
Deyal Huxlo,1,3,UNKNOWN,,,,
Brin Harper,7,3,UNKNOWN,,,,
Dyne Haederfeld,1,3,UNKNOWN,,,,
Senator Hastell,1,3,UNKNOWN,,,,
Skawn Kairn,4,3,PLAYER,firsttoken,11903,PnACF,Skawn
Ka'una La,11,3,PLAYER,firsttoken,10733,PACF,Ka'una
Dean ak,1,3,UNKNOWN,,,,
Kenji,1,3,UNKNOWN,,,,
Daniels,1,3,UNKNOWN,,,,
Rebecca Varn,11,3,PLAYER,firsttoken,11722,PnAF,Rebecca
Milo Sienar,1,3,UNKNOWN,,,,
Roland Sienar,1,2,PLAYER,firsttoken,11533,PnACF,Roland
Vorn Paro,2,2,UNKNOWN,,,,
Gyzen Bel,4,2,PLAYER,exact,3475,PXACFo,Gyzen_Bel
Jaden,1,2,PLAYER,exact,11428,PnACF,Jaden
Semtech Keno,1,2,UNKNOWN,,,,
TK-2502,1,2,UNKNOWN,,,,
Felipe del Montefort,1,2,UNKNOWN,,,,
Hsskah Agileclaw,1,2,UNKNOWN,,,,
Jonathan Steiner,2,2,PLAYER,firsttoken,235,PDWwAC,JONATHAN
Sharidan Hrackniss,2,2,UNKNOWN,,,,
Ebon Zyar,1,2,UNKNOWN,,,,
Xy'lear Dagnmith,6,2,PLAYER,firsttoken,10106,PnAF,Xy'lear
Jenya Vala,1,2,UNKNOWN,,,,
Alstuner,1,2,UNKNOWN,,,,
Venus Darkstar,3,2,UNKNOWN,,,,
Grathix Stur'ttrakath,8,2,UNKNOWN,,,,
Ullo the Hutt,2,2,UNKNOWN,,,,
Gabrielle Damion,3,2,PLAYER,firsttoken,3927,PnACF,Gabrielle
Stefan,1,2,UNKNOWN,,,,
Athahk,1,2,THING,exact,8817,TnM,Athahk
Tacuba the Hutt,1,2,UNKNOWN,,,,
Kelvis Aquatica,2,2,UNKNOWN,,,,
Blake Hishinko,2,2,UNKNOWN,,,,
Tyrus Valtoor,1,2,UNKNOWN,,,,
Captain Cunha,1,2,UNKNOWN,,,,
G.S. Qwynt VIII,1,2,UNKNOWN,,,,
Kinsa'una,1,2,UNKNOWN,,,,
Giles Vermillion,5,2,UNKNOWN,,,,
K3P0,1,2,UNKNOWN,,,,
Aubrey Saralyn,3,2,UNKNOWN,,,,
Replicant,1,2,UNKNOWN,,,,
Woren Isaal,1,2,UNKNOWN,,,,
Varin Rall,2,2,UNKNOWN,,,,
Kelbris Cooper,2,2,PLAYER,firsttoken,4300,PnAFk,Kelbris
Mark Steele,1,2,PLAYER,exact,592,PwACmF,Mark_Steele
Arise Omondra,8,2,PLAYER,firsttoken,7341,PACF,Arise
Merreck Pelx,1,2,UNKNOWN,,,,
Kath Samba,1,2,UNKNOWN,,,,
Talia Andorn,1,2,PLAYER,firsttoken,2489,PnACF,Talia
Fianar Reanus,1,2,UNKNOWN,,,,
Lahn,2,2,UNKNOWN,,,,
Senator Ahudeek,1,2,UNKNOWN,,,,
Thabo Mbeki,1,2,UNKNOWN,,,,
Ariana Seri,1,2,UNKNOWN,,,,
Teag Barrett,1,2,UNKNOWN,,,,
Edgar Krac'zah,1,2,UNKNOWN,,,,
Braal Vey'la,1,2,UNKNOWN,,,,
Ginger,1,2,UNKNOWN,,,,
Prudence Barry,1,2,UNKNOWN,,,,
Evir Yissik,5,2,UNKNOWN,,,,
Josh Arands,1,2,UNKNOWN,,,,
Domicor Honos,1,2,UNKNOWN,,,,
Sato,1,2,UNKNOWN,,,,
Aeron Corvus,1,2,UNKNOWN,,,,
Giran Blaine,1,2,UNKNOWN,,,,
Zig Al Fidel,1,2,UNKNOWN,,,,
Shandra Fleming,1,2,UNKNOWN,,,,
Miss Hintu,1,2,UNKNOWN,,,,
Quaye Oswent,2,2,UNKNOWN,,,,
Admiral Bejin,1,2,UNKNOWN,,,,
Ylsa Estrallas,9,2,UNKNOWN,,,,
Shas Krutz,1,2,UNKNOWN,,,,
Keline Nelhrn,28,2,PLAYER,firsttoken,7822,PACF,Keline
R3-K7,1,2,THING,exact,10054,TOp,R3-K7
Ander Dar,1,2,UNKNOWN,,,,
Salonika Batrad,1,2,PLAYER,firsttoken,2727,PIACF,Salonika
Alistair Al'Dira,11,2,UNKNOWN,,,,
Lyle Derfill,1,2,UNKNOWN,,,,
Paris Sieara,3,2,UNKNOWN,,,,
Billious Qarrack,2,2,UNKNOWN,,,,
Antal Brencis,4,2,UNKNOWN,,,,
Galen Rourke,2,2,PLAYER,firsttoken,5466,PnACF,Galen
Kyyrruk,1,2,UNKNOWN,,,,
Kiri Valios,1,2,UNKNOWN,,,,
Auxin Valerius,7,2,UNKNOWN,,,,
Sabbathius Osbourne,8,2,UNKNOWN,,,,
Laurence Dante,1,2,UNKNOWN,,,,
Nicholas Chang,1,2,UNKNOWN,,,,
Humbert Pumberdum,1,2,UNKNOWN,,,,
Irascius Quirn,2,2,UNKNOWN,,,,
Sisko,1,2,UNKNOWN,,,,
Greiko Lornan,3,2,UNKNOWN,,,,
Tarazed Brum,1,2,UNKNOWN,,,,
Mersche Lumbroscopic,1,2,UNKNOWN,,,,
Ariana Millikin,9,2,UNKNOWN,,,,
Krechev,1,2,UNKNOWN,,,,
Adaze Zasul,1,2,UNKNOWN,,,,
Tray Garos,1,2,UNKNOWN,,,,
A. Peltoo Appel,2,2,UNKNOWN,,,,
Jared Starwind,3,2,PLAYER,firsttoken,9707,PnACF,Jared
Tane Wystler,1,2,PLAYER,firsttoken,5069,PnAF,tane
Moralis Rodriga,7,2,UNKNOWN,,,,
Andra Eleria,1,2,UNKNOWN,,,,
Gene Malantean,12,2,UNKNOWN,,,,
Inaya Macklebee,1,2,UNKNOWN,,,,
Kora Liadin,1,2,UNKNOWN,,,,
Jonathan Webb,9,2,PLAYER,firsttoken,235,PDWwAC,JONATHAN
Sasha Nettic,1,2,UNKNOWN,,,,
Kensle Gradvitz,3,2,UNKNOWN,,,,
B'ric Toppe,1,2,UNKNOWN,,,,
Lanze Beviin,1,2,PLAYER,firsttoken,11282,PnACFk,Lanze
Xerxes Kherzen,2,2,PLAYER,firsttoken,696,PACF,Xerxes
Benjamin Jawatha,2,2,UNKNOWN,,,,
Gabi Delgard,10,2,THING,firsttoken,6621,Tnp,Gabi
Valkyr Tenebre,2,2,UNKNOWN,,,,
Yarah Ravenlocke,1,2,UNKNOWN,,,,
Alac Y'all,1,2,PLAYER,firsttoken,7437,PnACF,Alac
Tal'sin Secura,9,2,PLAYER,firsttoken,9354,PnACF,Tal'sin
Marius Starker,1,2,UNKNOWN,,,,
Jaina Solo,1,2,UNKNOWN,,,,
Asli Nayana,4,2,UNKNOWN,,,,
Holden Deckherd,2,2,UNKNOWN,,,,
Sascha Vildosti,1,1,UNKNOWN,,,,
Ysanne Isard,1,1,UNKNOWN,,,,
Aldol-Eo Pold,1,1,UNKNOWN,,,,
Rafel de'Bris,1,1,UNKNOWN,,,,
Selko Aronat,7,1,PLAYER,firsttoken,6615,PnACF,Selko
Ben Jawatha,1,1,UNKNOWN,,,,
Huey Longshot,1,1,THING,firsttoken,7997,TM,Huey
Han'bel Eckhart,5,1,UNKNOWN,,,,
Eoin Dunn,1,1,UNKNOWN,,,,
Ms. Incinta,1,1,UNKNOWN,,,,
Askra Sho'bre,2,1,UNKNOWN,,,,
Tyler McBride,2,1,PLAYER,firsttoken,3751,PACF,Tyler
Marcus Delvennis,2,1,PLAYER,firsttoken,4330,PnACF,Marcus
Lianja Tantai,2,1,PLAYER,firsttoken,846,PnAF,Lianja
Vergen Okkelveyer,1,1,UNKNOWN,,,,
Lianna Blackledge,6,1,PLAYER,firsttoken,10108,PACF,Lianna
Fael Ramsis,1,1,UNKNOWN,,,,
Vincit Danyeko,1,1,UNKNOWN,,,,
David Stone,8,1,UNKNOWN,,,,
Howie Darklighter,3,1,UNKNOWN,,,,
Cordelia Nivhya,3,1,UNKNOWN,,,,
Zeebo Bex,1,1,PLAYER,firsttoken,10557,PnACF,Zeebo
Hale Bristol,1,1,UNKNOWN,,,,
Jeralic Mandragon,6,1,UNKNOWN,,,,
Orgrad Soval,1,1,UNKNOWN,,,,
Adam Zero,3,1,PLAYER,firsttoken,11813,PnAF,Adam
Rawnie Qrowe,1,1,PLAYER,firsttoken,12003,PnACFk,Rawnie
Ystile Wye,1,1,UNKNOWN,,,,
Elias Corentin,10,1,PLAYER,firsttoken,1334,PnACF,Elias
Benelek,1,1,UNKNOWN,,,,
Solomon Fields,2,1,UNKNOWN,,,,
Lon Cotar,4,1,UNKNOWN,,,,
Joran Hess,1,1,UNKNOWN,,,,
Greven Sylar,1,1,UNKNOWN,,,,
Amerna Slanver,1,1,UNKNOWN,,,,
Avalyshaar Dusten,4,1,UNKNOWN,,,,
Ivanil Sandomere,2,1,UNKNOWN,,,,
Crystal Keldahoff,3,1,UNKNOWN,,,,
Tarkis Kayl'bre,4,1,UNKNOWN,,,,
Kaitlin Mainwaring,5,1,UNKNOWN,,,,
Blake Lorrent,1,1,UNKNOWN,,,,
Alora Antieres,9,1,UNKNOWN,,,,
Jace Starr,1,1,UNKNOWN,,,,
Odion Cobb,8,1,UNKNOWN,,,,
Momma Cleo,1,1,UNKNOWN,,,,
Larin Ret'riss,1,1,UNKNOWN,,,,
Raina Aderanne,1,1,UNKNOWN,,,,
Nerik Dreshkar,1,1,UNKNOWN,,,,
Feylin Calenik,1,1,UNKNOWN,,,,
Hellion Kracken,1,1,UNKNOWN,,,,
Harval Shaw,1,1,UNKNOWN,,,,
Exos Elan,1,1,PLAYER,firsttoken,12086,PnACF,Exos
J. Hook,1,1,UNKNOWN,,,,
Commodore Snunb,1,1,UNKNOWN,,,,
Taggor Bren,6,1,UNKNOWN,,,,
Sean Dillon,9,1,UNKNOWN,,,,
Lathan Vel,1,1,UNKNOWN,,,,
Torin Vorl,1,1,PLAYER,firsttoken,11515,PnACF,Torin
Darrian Fel'lya,2,1,PLAYER,firsttoken,5879,PnACF,Darrian
Wallas Thurl,1,1,UNKNOWN,,,,
Jak M'koy,1,1,UNKNOWN,,,,
Trent Ceska,1,1,UNKNOWN,,,,
Laivin Quix,2,1,UNKNOWN,,,,
Shenner Veery,10,1,UNKNOWN,,,,
Carmella Rise,1,1,UNKNOWN,,,,
Kadgie Rodo,4,1,UNKNOWN,,,,
Salann Grayhe,1,1,UNKNOWN,,,,
Marl Jace,3,1,UNKNOWN,,,,
Devon Striker,1,1,UNKNOWN,,,,
Aknar Koth'lyri,2,1,PLAYER,firsttoken,7147,PACF,Aknar
Kairo,1,1,UNKNOWN,,,,
Raika Navar,2,1,UNKNOWN,,,,
Krall Dar,1,1,UNKNOWN,,,,
C-3PO,11,1,THING,exact,6368,TM,C-3PO
Silvin Katrar,4,1,UNKNOWN,,,,
Martin Teywer,1,1,UNKNOWN,,,,
Rharkyrtha,1,1,UNKNOWN,,,,
Sesbtain Williams,1,1,UNKNOWN,,,,
Flaron Korr,1,1,UNKNOWN,,,,
Eryk Zephron,2,1,UNKNOWN,,,,
Ashton Van Sen,2,1,UNKNOWN,,,,
Benji,1,1,UNKNOWN,,,,
Runther DeMagna,3,1,UNKNOWN,,,,
Airion Cimber,2,1,UNKNOWN,,,,
Portia Vykos,1,1,PLAYER,firsttoken,768,PnACF,Portia
Amari Cociena,1,1,UNKNOWN,,,,
Nicole Brouillard-Batrad,1,1,UNKNOWN,,,,
Jimmy Pickle,1,1,UNKNOWN,,,,
Tiboor Stasio,1,1,UNKNOWN,,,,
Keely Prior,1,1,UNKNOWN,,,,
Erin Abrosen,1,1,UNKNOWN,,,,
Poguala Waaris-Dawntreader,3,1,UNKNOWN,,,,
Grymm Selcan,2,1,UNKNOWN,,,,
Ashby Williams,2,1,UNKNOWN,,,,
Baedan Mirhoz,2,1,UNKNOWN,,,,
Aideen Shamus,1,1,UNKNOWN,,,,
Ohaotrantak Ostivort,9,1,UNKNOWN,,,,
Sabine Valios,1,1,PLAYER,firsttoken,8617,PnACF,Sabine
Rinn Vakil,1,1,UNKNOWN,,,,
Lola,1,1,UNKNOWN,,,,
Wing Commander Ilan,1,1,UNKNOWN,,,,
Jason Gorrman,1,1,UNKNOWN,,,,
Aayla Noor,2,1,PLAYER,firsttoken,11827,PnACF,Aayla
Tyr Steiner,1,1,UNKNOWN,,,,
Tetsen'sugazi,1,1,UNKNOWN,,,,
Drew Carvallo,15,1,PLAYER,firsttoken,1982,PnACF,Drew
Thayra Delmund,1,1,UNKNOWN,,,,
Lemos Ackinbrac,4,1,UNKNOWN,,,,
Sekes Reyoz Ric'amar,3,1,PLAYER,firsttoken,2925,PACF,Sekes
Irru Gex,1,1,UNKNOWN,,,,
Alden Spiers,1,1,PLAYER,firsttoken,11621,PnACF,Alden
Rook Barnsdale,6,1,PLAYER,firsttoken,5405,PnACF,Rook
Marcus DeVilliers,2,1,PLAYER,firsttoken,4330,PnACF,Marcus
Ba'hob,1,1,UNKNOWN,,,,
Major Peny,1,1,UNKNOWN,,,,
Elya'balin,1,1,UNKNOWN,,,,
Frederiko Eembek,3,1,PLAYER,firsttoken,5885,PACF,Frederiko
Indren aU-Phraxus,1,1,PLAYER,firsttoken,10461,PUnAF,Indren
Xegid Roark,8,1,UNKNOWN,,,,
Mat Cypher,1,1,UNKNOWN,,,,
William Roice,1,1,UNKNOWN,,,,
Emily Dareus,1,1,UNKNOWN,,,,
Garret Fife,1,1,UNKNOWN,,,,
Siva Chantillis,4,1,UNKNOWN,,,,
Ailah Vieres,1,1,UNKNOWN,,,,
Sev'rance Cassoni,1,1,PLAYER,firsttoken,8737,PACF,Sev'rance
Tahk'pa,1,1,UNKNOWN,,,,
Mora Rodriguez,1,1,UNKNOWN,,,,
Xanatos Baldur,1,1,UNKNOWN,,,,
Verst Dejorn,1,1,UNKNOWN,,,,
Jaqen H'gar,3,1,UNKNOWN,,,,
Tricia Calder,1,1,UNKNOWN,,,,
Reynar Dax,1,1,UNKNOWN,,,,
Johanna Damion,2,1,PLAYER,firsttoken,9407,PACmF,Johanna
Adams Garat,1,1,UNKNOWN,,,,
Bailey Sora Laran,9,1,PLAYER,firsttoken,2793,PnACF,Bailey
Rook Sallowar,1,1,PLAYER,firsttoken,5405,PnACF,Rook
Rena Sarrabi,1,1,UNKNOWN,,,,
Lyrik Welkar,2,1,UNKNOWN,,,,
Nitisha Lazure,7,1,PLAYER,firsttoken,5060,PACF,Nitisha
Karissa Dalton,1,1,THING,firsttoken,660,Tnp,Karissa
Pakya Razem,1,1,UNKNOWN,,,,
Kintor Roberts,1,1,UNKNOWN,,,,
Jorgen Essain,1,1,UNKNOWN,,,,
Jet Farx,1,1,UNKNOWN,,,,
Rojones,1,1,UNKNOWN,,,,
Renovo Shadowlin,1,1,UNKNOWN,,,,
Jorj Brinaj,2,1,UNKNOWN,,,,
Damien Loki Katon,5,1,UNKNOWN,,,,
Dalek Rolynd,2,1,UNKNOWN,,,,
Malouf,1,1,UNKNOWN,,,,
Jada Kadoth,1,1,UNKNOWN,,,,
Ishtari Tsumeth,1,1,UNKNOWN,,,,
Cas Mos,1,1,UNKNOWN,,,,
Tuvare,1,1,UNKNOWN,,,,
Normack Gastrov,1,1,UNKNOWN,,,,
Savine Wolfray,1,1,UNKNOWN,,,,
A'estshy Nubiari,2,1,PLAYER,firsttoken,5610,PACF,A'estshy
Aldus Syn,1,1,UNKNOWN,,,,
Tychus Varian,1,1,UNKNOWN,,,,
K'alyeh U'shh,1,1,UNKNOWN,,,,
Seamus Doherty,2,1,UNKNOWN,,,,
Kathryn Jrevelian,1,1,UNKNOWN,,,,
Ehlias Cross,1,1,PLAYER,firsttoken,10168,PnAFo,Ehlias
Randal Na'ts,1,1,UNKNOWN,,,,
Alysha Mara,1,1,PLAYER,firsttoken,3990,PnACF,Alysha
Alana Ten'ou,1,1,UNKNOWN,,,,
Tiaryn Elatar,7,1,PLAYER,firsttoken,11997,PACF,Tiaryn
Xanatos Xavier,1,1,UNKNOWN,,,,
Strenge Lehmann,1,1,UNKNOWN,,,,
Gregory Garrett,1,1,UNKNOWN,,,,
Blake Lorent,1,1,UNKNOWN,,,,
Doctor Alvarez,1,0,UNKNOWN,,,,
Octavian Dibar,3,0,UNKNOWN,,,,
Sonny Wuv Traa,2,0,UNKNOWN,,,,
Cerridan Shaerlati,1,0,UNKNOWN,,,,
Di'anChecht,1,0,UNKNOWN,,,,
Graden Transal,2,0,UNKNOWN,,,,
Demitri Vry'lya,1,0,UNKNOWN,,,,
Chanera Ruai Thorn,8,0,UNKNOWN,,,,
Jonca Cojac,1,0,UNKNOWN,,,,
Celo'gnaritas'Subnoto,4,0,UNKNOWN,,,,
Arenth Dubois,1,0,UNKNOWN,,,,
Eithne Damia Tamesis,2,0,UNKNOWN,,,,
Fern Powers,1,0,UNKNOWN,,,,
Devron Nuleshek,1,0,PLAYER,firsttoken,465,PnACF,devron
Galatea Demor,6,0,UNKNOWN,,,,
Preston Mortemilitis,1,0,UNKNOWN,,,,
Lierra Carlon,1,0,UNKNOWN,,,,
Angalun Faust,1,0,UNKNOWN,,,,
Maethor Savage,5,0,UNKNOWN,,,,
Naota Nandaba,1,0,UNKNOWN,,,,
Kitty (Kit),2,0,UNKNOWN,,,,
Gym Harp'r,1,0,UNKNOWN,,,,
Shakir Tarkona,1,0,PLAYER,firsttoken,10233,PnAFo,Shakir
Besk Fel'ney,1,0,UNKNOWN,,,,
Hawke Taren,2,0,UNKNOWN,,,,
Akor Odaliik,1,0,UNKNOWN,,,,
Senator Bobbec,1,0,UNKNOWN,,,,
Di'anCecht Dichet A.C. Rial,1,0,UNKNOWN,,,,
Rei'yak Caridla,2,0,UNKNOWN,,,,
Fenn Khor,2,0,PLAYER,firsttoken,2684,PnACF,Fenn
Turk Avid,4,0,UNKNOWN,,,,
Notlim,1,0,UNKNOWN,,,,
Vernista Lan'desdin,1,0,UNKNOWN,,,,
"Beaubos ""Skeezix"" Calhoun",4,0,UNKNOWN,,,,
Senator Sesqua,1,0,UNKNOWN,,,,
Jaxx Morgan,4,0,PLAYER,firsttoken,6957,PAmF,Jaxx
Wes Carter,1,0,UNKNOWN,,,,
Anzon Gr'vish,1,0,UNKNOWN,,,,
Labatiel Atrox,4,0,UNKNOWN,,,,
Illyana Crane,1,0,UNKNOWN,,,,
Dillan Stelves,1,0,PLAYER,firsttoken,695,PACFo,Dillan
Aaden'maal Baeyal,2,0,UNKNOWN,,,,
Comdore Kay Serinoth,1,0,UNKNOWN,,,,
Rafan Janrenk,1,0,UNKNOWN,,,,
Delila Dmitri,1,0,UNKNOWN,,,,
Alina Gens,1,0,UNKNOWN,,,,
Leebo Krupt,2,0,UNKNOWN,,,,
Caliph Ashirael Rhannak,2,0,UNKNOWN,,,,
Wibble Sniklit,3,0,PLAYER,firsttoken,3911,PnACF,Wibble
Malus Brock,3,0,PLAYER,firsttoken,10062,PACcFT,Malus
Tellain Rockflyer,3,0,UNKNOWN,,,,
Snal'fashtalli Teague-Ikihsa,1,0,UNKNOWN,,,,
Sarai Litve,5,0,UNKNOWN,,,,
Chez'na Navul'nu,1,0,PLAYER,firsttoken,11317,PACF,Chez'na
Jase Millikin,2,0,THING,firsttoken,2711,Tnp,Jase
Mon Calamari Ambassador,1,0,UNKNOWN,,,,
Vyal Ruathen,2,0,UNKNOWN,,,,
Amek Drell,1,0,UNKNOWN,,,,
Athan Cole,1,0,UNKNOWN,,,,
Torg'ahail'naerso,1,0,UNKNOWN,,,,
Mayre O'Hanrahan,1,0,UNKNOWN,,,,
Esmeraldas Esfera,1,0,PLAYER,firsttoken,4635,PACF,Esmeraldas
Officer Izec,1,0,UNKNOWN,,,,
"Matthew ""Rabid"" Fox",1,0,UNKNOWN,,,,
Wes Masco,1,0,UNKNOWN,,,,
Jindra Langri,2,0,UNKNOWN,,,,
Nimzar i'Falzin,1,0,UNKNOWN,,,,
Jim T. Case,1,0,UNKNOWN,,,,
Salty Jack (Jaqen H'gar),7,0,UNKNOWN,,,,
Jamta Kisac,1,0,UNKNOWN,,,,
John Penta,1,0,UNKNOWN,,,,
Heinrich Stalh,5,0,UNKNOWN,,,,
Morlok Adlerson,8,0,UNKNOWN,,,,
Malik Ferdenko,1,0,UNKNOWN,,,,
Khanar Stryker,2,0,UNKNOWN,,,,
Crimson Lionheart,1,0,UNKNOWN,,,,
Jack Hall,1,0,PLAYER,firsttoken,8203,PUnACF,Jack
Gene Malentean,1,0,UNKNOWN,,,,
Gillian Lasel,2,0,UNKNOWN,,,,
Eddie Halwinder,1,0,UNKNOWN,,,,
Andrev Cassius,1,0,UNKNOWN,,,,
Wally Vascili,1,0,UNKNOWN,,,,
Shael Edur,17,0,UNKNOWN,,,,
Jadon Lenor,1,0,UNKNOWN,,,,
Cortheon Jarrett,2,0,UNKNOWN,,,,
Siarra Krell,10,0,PLAYER,firsttoken,6898,PQACFk,Siarra
Shoog-Mox Klagg,1,0,UNKNOWN,,,,
Amaza Sunrider,2,0,PLAYER,firsttoken,3749,PnACF,Amaza
Chess Hutz,1,0,THING,firsttoken,1827,TLVX,Chess
Soliloquy Olexa Sella,1,0,UNKNOWN,,,,
Sally Carol,3,0,UNKNOWN,,,,
Sanoire Cror,1,0,UNKNOWN,,,,
Matthew Fox,3,0,UNKNOWN,,,,
Dhamon Rand,1,0,PLAYER,firsttoken,189,PnACF,Dhamon
Rainier Aiden Maximilian,2,0,UNKNOWN,,,,
Leyanne Zion,5,0,UNKNOWN,,,,
Talia Dorann,2,0,PLAYER,firsttoken,2489,PnACF,Talia
Carlist Rieekan,1,0,UNKNOWN,,,,
Hauwkawrrka,1,0,UNKNOWN,,,,
Tiali Nora,2,0,PLAYER,firsttoken,5388,PnACF,Tiali
Demitri Arands,1,0,UNKNOWN,,,,
Vance Jaxx,2,0,PLAYER,firsttoken,3336,PnACF,Vance
Bren Senzi,1,0,UNKNOWN,,,,
Kor'Goth,1,0,UNKNOWN,,,,
Lonri'napara,1,0,UNKNOWN,,,,
Aurelia Silabar,1,0,PLAYER,firsttoken,9880,PnAF,Aurelia
Jade Ruen Vigos,1,0,UNKNOWN,,,,
Nynaeve Arthaus,4,0,PLAYER,firsttoken,957,PXACF,Nynaeve
Shane Sonax,3,0,PLAYER,firsttoken,11798,PnACF,Shane
Alina te Danaan,2,0,UNKNOWN,,,,
Dravin Xiz,5,0,PLAYER,firsttoken,11213,PnAF,Dravin
Drake Rukhas,2,0,PLAYER,firsttoken,11036,PnACF,Drake
Sidina Renard,4,0,UNKNOWN,,,,
Lynae Cassius-Caiton,14,0,PLAYER,firsttoken,9311,POACF,Lynae
Jimmy Hoolihan,1,0,UNKNOWN,,,,
Galin Wraith,1,0,PLAYER,firsttoken,11461,PnAF,Galin
Kairne Saa'thul,5,0,UNKNOWN,,,,
Aleira Targadas,1,0,UNKNOWN,,,,
Ratchet,1,0,UNKNOWN,,,,
Alexis Blochson,4,0,PLAYER,firsttoken,11220,PenAF,Alexis
Kaley Recourua,5,0,PLAYER,firsttoken,3864,PXACF,Kaley
Kimber Pallas,1,0,UNKNOWN,,,,
Elena Dasun Korminos,1,0,UNKNOWN,,,,
Ara te Danaan,3,0,UNKNOWN,,,,
Valya Tass,3,0,PLAYER,firsttoken,12063,PAF,Valya
Tabl Moek,1,0,UNKNOWN,,,,
Chool Ndresi,1,0,UNKNOWN,,,,
Thraken Quadrix,1,0,UNKNOWN,,,,
Jonas Alsten,8,0,PLAYER,firsttoken,11782,PnAF,Jonas
Kenneth Roberts,1,0,UNKNOWN,,,,
Shael Winter,1,0,UNKNOWN,,,,
Bec Ga'lec,2,0,PLAYER,firsttoken,5228,PnACmxF,Bec
Tekahan Maroc,1,0,UNKNOWN,,,,
Jek Mirden,2,0,UNKNOWN,,,,
Cade Vaughan,5,0,PLAYER,firsttoken,7472,PnACFk,Cade
Ozzle Olumpari,6,0,PLAYER,firsttoken,4620,PACF,Ozzle
Mark Avery,1,0,UNKNOWN,,,,
Mugenjin Guren-Azayath,1,0,UNKNOWN,,,,
Vaelyn Ir Xieker,1,0,UNKNOWN,,,,
K. Kintor Roberts,1,0,UNKNOWN,,,,
Azya Aguilira,1,0,PLAYER,firsttoken,7316,PnACF,Azya
Pyat dar Kuat,1,0,UNKNOWN,,,,
Eliza i'Falzin,1,0,UNKNOWN,,,,
Ullan Kizuka-Jones,1,0,PLAYER,firsttoken,439,PnACF,Ullan
Ona Rei Delamont,4,0,UNKNOWN,,,,
Lucinda Jordain,1,0,UNKNOWN,,,,
Cassie Monoseer,2,0,UNKNOWN,,,,
Sinestra Ataraxis,4,0,PLAYER,firsttoken,9651,PUXACF,Sinestra
Daryth,1,0,UNKNOWN,,,,
Antra Silverthorn,1,0,UNKNOWN,,,,
Racra Krullrusc,2,0,UNKNOWN,,,,
Vito Zarl,2,0,UNKNOWN,,,,
Cade Katon,3,0,PLAYER,firsttoken,7472,PnACFk,Cade
Rivo (Snake1),1,0,UNKNOWN,,,,
Torin Marr,1,0,PLAYER,firsttoken,11515,PnACF,Torin
Barnacle Bill (Billious Qarrack),6,0,UNKNOWN,,,,
Sinya'kor,1,0,UNKNOWN,,,,
Lynae Cassius-Mahon,1,0,PLAYER,firsttoken,9311,POACF,Lynae
Hate Sarray,5,0,UNKNOWN,,,,
Krysten Carlyle,1,0,PLAYER,firsttoken,653,PACF,Krysten
Lila Marcaigh,1,0,UNKNOWN,,,,
Ban Fleming,1,0,UNKNOWN,,,,
Rainer Aiden Maximilian,15,0,PLAYER,firsttoken,11642,PnACFk,Rainer
Roland Antilles,1,0,PLAYER,firsttoken,11533,PnACF,Roland
Seppi Kharan,1,0,UNKNOWN,,,,
Nicamonte Vroon,1,0,UNKNOWN,,,,
Paulus Lazrus,2,0,UNKNOWN,,,,
Sam'viel Zakarin,1,0,PLAYER,firsttoken,4466,PnAF,Sam'viel
Jolan Kaerf,1,0,UNKNOWN,,,,
Allerden Vraill,1,0,UNKNOWN,,,,
Nubudo Bakrak,3,0,UNKNOWN,,,,
Amylynn Starr,9,0,PLAYER,firsttoken,9420,PnACF,Amylynn
Gabrielle Calhoun,1,0,PLAYER,firsttoken,3927,PnACF,Gabrielle
Jarl Rellik,2,0,UNKNOWN,,,,
Oren Balak,3,0,UNKNOWN,,,,
Shannon Arands,1,0,PLAYER,firsttoken,6115,PnACF,Shannon
Foerga Shameia,1,0,UNKNOWN,,,,
Sivytra Nona,2,0,PLAYER,firsttoken,7163,PnAF,Sivytra
Sylia Avra,1,0,UNKNOWN,,,,
Blulurbgloblurb Druze,18,0,UNKNOWN,,,,
Miles Daq,1,0,UNKNOWN,,,,
Acthpa Sanduleak,1,0,UNKNOWN,,,,
Lotus Blackpool,2,0,UNKNOWN,,,,
Bruno Ringoire,1,0,UNKNOWN,,,,
Ranma Hoshiakarui,4,0,UNKNOWN,,,,
Aranzael Moyat,2,0,UNKNOWN,,,,
Ashden Keldrona,2,0,UNKNOWN,,,,
Ubi Sunt Enebi,1,0,UNKNOWN,,,,
Mick Kuhndog,1,0,UNKNOWN,,,,
Sh'par Tarashabi,1,0,PLAYER,firsttoken,4867,PnACF,Sh'par
Tynan Aileron,1,0,UNKNOWN,,,,
Kalidonna 'Lily' Serv'Laya,1,0,PLAYER,firsttoken,11127,PnACF,Kalidonna
Suhail Kylrath,1,0,UNKNOWN,,,,
Marz Tank,1,0,UNKNOWN,,,,
Baral Heram,1,0,UNKNOWN,,,,
Leda Same,1,0,UNKNOWN,,,,
Gial Ackbar,6,0,UNKNOWN,,,,
Ken Wolf,1,0,UNKNOWN,,,,
Kathryn Montavre-Jrevelian,1,0,UNKNOWN,,,,
Marie Breya,1,0,UNKNOWN,,,,
Feyd Siva,1,0,PLAYER,firsttoken,2319,PnAF,Feyd
Dagny Bryant,1,0,UNKNOWN,,,,
Kaylen Morrell,1,0,UNKNOWN,,,,
Gordis Jandis,1,0,UNKNOWN,,,,
Antan Malika,1,0,UNKNOWN,,,,
Bodan Akigga,1,0,PLAYER,firsttoken,7627,PwACF,Bodan
Kathryn McGuire,1,0,UNKNOWN,,,,
Violet Allure,7,0,UNKNOWN,,,,
Via Tyche,4,0,UNKNOWN,,,,
Voren Nadil,1,0,UNKNOWN,,,,
Raynn Keel,2,0,PLAYER,firsttoken,11583,PnACF,Raynn
Tarin Pellegar,3,0,UNKNOWN,,,,
Biff Shelkin,1,0,UNKNOWN,,,,
Askrut Melan'lya,1,0,UNKNOWN,,,,
Beaubos Calhoun,4,0,UNKNOWN,,,,
Doron Rtufo,2,0,UNKNOWN,,,,
Jay Langston,1,0,UNKNOWN,,,,
Cubitt Tethes,4,0,UNKNOWN,,,,
Severin Tanbris,1,0,UNKNOWN,,,,
Maximilian Veers,1,0,UNKNOWN,,,,
Bob the Rodian,1,0,PLAYER,firsttoken,4113,PnACmF,Bob
Mithral Hyperion,1,0,UNKNOWN,,,,
Decrevi Cristescu,2,0,UNKNOWN,,,,
Ama-Li Vapasi,1,0,PLAYER,firsttoken,5066,PnACFk,Ama-Li
Nasiri Zithreej,3,0,PLAYER,firsttoken,1329,PnACF,Nasiri
Sharid Hascon,1,0,UNKNOWN,,,,
Azya McTavish,3,0,PLAYER,firsttoken,7316,PnACF,Azya
Winter Retrac,6,0,UNKNOWN,,,,
Aisaiy Beemes,2,0,PLAYER,firsttoken,12054,PnACF,Aisaiy
Siren Delamont,1,0,UNKNOWN,,,,
Seneca Eris Foyle,1,0,UNKNOWN,,,,
Ansforth Nicodemus,2,0,PLAYER,firsttoken,10920,PACF,Ansforth
Ezkhil i'Falzin,3,0,UNKNOWN,,,,
Zrak'Hroun,2,0,UNKNOWN,,,,
Syyvos Rintari,1,0,UNKNOWN,,,,
Meridian Tarasar,1,0,UNKNOWN,,,,
