log_name,logs_listed,string_matches,bazil_added
Orson Tighe,59,40,Orson
Antoine Dareus,55,27,
Darth Malign,52,151,Tyler?
Raxis L'ygr,49,20,
Morganna Tazecks,36,11,Morganna
Alex Dante,35,5,Dante
Shenneret Veery,31,6,Shenner
Gren Delede,28,41,
Kesander Beysarus,27,36,
Tsaran Joir,26,5,
Sandor Woden,22,25,
Vengan Draelis,22,11,
Shael Edur,17,0,
Kuxli,15,493,
Snal'Fashtalli Teague-Ikihsa,14,5,
Xar'on Tanner,14,5,
Inanna Jordain,13,4,
Drayson Honos,12,23,
Gene Malantean,12,2,
ak,11,149,
Eva Sargent,11,30,Sargent
Mege Vauki,11,28,Bazil
Aramis Tyrese,11,7,
Gabi Delgard,10,2,
Shenner Veery,10,1,Shenner
Basca Starker,9,11,
Liora Kovani,9,4,
Ylsa Estrallas,9,2,
Ariana Millikin,9,2,
Alora Antieres,9,1,
Ohaotrantak Ostivort,9,1,
Tand,8,217,
Dane Noth,8,14,Dane
Tanis Cadell,8,9,
Grathix Stur'ttrakath,8,2,
Odion Cobb,8,1,
Xegid Roark,8,1,
Shenner,7,3305,
Aurejin,7,426,
Vextin Mandor,7,8,
Shael Winters,7,4,
Javin Mitali,7,3,
Moralis Rodriga,7,2,Moralis
Violet Allure,7,0,Violet
Urio'kosh,6,251,
Kacela,6,193,
Kelvis,6,106,
Drorq,6,52,
Darenak Alesis,6,5,
Jonau Diggs,6,5,Bazil
Chantinelle Thistleborn,6,3,
Jeralic Mandragon,6,1,
Taggor Bren,6,1,
Galatea Demor,6,0,
Gial Ackbar,6,0,
Winter Retrac,6,0,Winter
Vauki,5,196,Bazil
Vek,5,117,
Lelila,5,74,
Sentinel,5,62,
Xanatos,5,48,
Dorian Navtilos,5,6,
Seth Skyler,5,6,
Gimel Daleth,5,5,
Etiel te Danaan,5,4,Johanna
Giles Vermillion,5,2,Vermillion
Evir Yissik,5,2,
Kaitlin Mainwaring,5,1,
Maethor Savage,5,0,Maethor
Sarai Litve,5,0,
Leyanne Zion,5,0,
Kairne Saa'thul,5,0,
Hate Sarray,5,0,
Shael,4,507,
Tarlin,4,87,
Tarrin,4,76,
Kathryn,4,74,
Lepidoptera,4,41,
Zaalbacca,4,32,
Ramyxth,4,31,
Grizz,4,18,
Bavon Nass,4,17,
Amaya Halos,4,4,
Gustaf Heram,4,3,
Antal Brencis,4,2,
Asli Nayana,4,2,
Lon Cotar,4,1,
Tarkis Kayl'bre,4,1,
Kadgie Rodo,4,1,
Silvin Katrar,4,1,
Lemos Ackinbrac,4,1,
Siva Chantillis,4,1,
Celo'gnaritas'Subnoto,4,0,
Turk Avid,4,0,
"Beaubos ""Skeezix"" Calhoun",4,0,Skeezix
Labatiel Atrox,4,0,
Sidina Renard,4,0,
Ona Rei Delamont,4,0,
Ranma Hoshiakarui,4,0,
Via Tyche,4,0,
Beaubos Calhoun,4,0,Skeezix
Cubitt Tethes,4,0,
Dareus,3,1832,
Skeezix,3,247,
Kintor,3,141,
Jusre,3,120,
Poguala,3,107,
Wes,3,96,
Ilyana,3,89,
Jasmine,3,74,
Dylan,3,66,
Selektah,3,66,
Khirsah,3,53,
Lehec,3,51,
Zalla,3,50,
Kaein,3,47,
Mersche,3,46,
Auo,3,39,
Whitney,3,36,
Aerilaya,3,34,
Avitar,3,31,
Kierv,3,22,
Raj,3,20,
2SK-MI,3,13,
Drocal Arconen,3,11,
Kegren'Te,3,9,
Liuz Bogumil,3,7,
Naten Bonrue,3,6,
Molari Canto,3,6,
Jamon Grendine,3,5,
Janos Audron,3,4,
Phair Kreiss,3,4,
Hase Stargazer,3,3,
Krel Scrinae,3,3,
Aubrey Saralyn,3,2,
Paris Sieara,3,2,
Greiko Lornan,3,2,
Kensle Gradvitz,3,2,
Howie Darklighter,3,1,
Cordelia Nivhya,3,1,
Crystal Keldahoff,3,1,
Marl Jace,3,1,
Runther DeMagna,3,1,
Poguala Waaris-Dawntreader,3,1,Poguala
Jaqen H'gar,3,1,
Tellain Rockflyer,3,0,
Sally Carol,3,0,
Matthew Fox,3,0,
Ara te Danaan,3,0,Johanna
Nubudo Bakrak,3,0,
Oren Balak,3,0,
Tarin Pellegar,3,0,
Ezkhil i'Falzin,3,0,
Morganna,2,1595,
Leamer,2,167,
Ackbar,2,147,
Howie,2,134,
Coreshan,2,114,
Sethas,2,102,
Thanos,2,100,
Clarise,2,93,
Krinko,2,92,
Ara,2,79,
Ariani,2,67,
Swanstee,2,66,
Ayaka,2,62,
Crimthan,2,57,
Tryno,2,54,
Imriel,2,53,
Kithan,2,51,
Inoga,2,49,
Fay,2,48,
Defcon,2,47,
Naldo,2,44,
Scrat,2,40,
Bourne,2,40,
Feylin,2,40,
Russel,2,39,
Sinter,2,37,
Whorus,2,37,
Shovadu,2,35,
Ryder,2,35,
Bruno,2,34,
Coreen,2,32,
Meissa,2,31,
Shoburhynn,2,29,
Loraiil,2,29,
Munch,2,28,
Toryn,2,27,
Alder,2,27,
Kyyiriiwur,2,23,
Colin,2,23,
Mitler,2,22,
Lavender,2,21,
Methos,2,21,
Ressec,2,21,
Toby,2,20,
Reveal,2,20,
Shintu,2,18,
Ephant Mon,2,17,
Fortune,2,16,
Andra,2,15,
Geroam,2,14,
Rassa,2,12,
Joworral,2,12,
Crix Madine,2,11,
Admiral Harkenson,2,11,
Dracolysk,2,11,
Sirlahn Inglet,2,8,
Kestryan du Bracc,2,7,
Mara Shinomiya,2,6,
Seth Senesca,2,6,
Cernious Vry'lya,2,6,
Simetha,2,6,
Devyn,2,5,
TC-81,2,5,
Ven Secura,2,5,
Agent McKenna,2,4,
James K'Cusi,2,4,
Jalek Helion,2,4,
Jalek Wessiri,2,4,
Dises Diaglo,2,4,
Jordaan Mag,2,4,
Lara Grayson,2,3,
Jakys Vry'lya,2,3,
Aned Kirkland,2,3,
Latar Zaff,2,3,
Luther Syss,2,3,
Brackett Benduday,2,3,
Nachkt'lyysk,2,3,
Sharidan Hrackniss,2,2,
Kelvis Aquatica,2,2,
Blake Hishinko,2,2,
Lahn,2,2,
Quaye Oswent,2,2,
Billious Qarrack,2,2,
Irascius Quirn,2,2,
A. Peltoo Appel,2,2,
Valkyr Tenebre,2,2,
Holden Deckherd,2,2,
Askra Sho'bre,2,1,
Solomon Fields,2,1,
Ivanil Sandomere,2,1,
Laivin Quix,2,1,
Raika Navar,2,1,
Eryk Zephron,2,1,
Airion Cimber,2,1,
Grymm Selcan,2,1,
Ashby Williams,2,1,
Baedan Mirhoz,2,1,
Lyrik Welkar,2,1,
Jorj Brinaj,2,1,
Dalek Rolynd,2,1,
Seamus Doherty,2,1,
Sonny Wuv Traa,2,0,
Graden Transal,2,0,
Eithne Damia Tamesis,2,0,
Kitty (Kit),2,0,
Hawke Taren,2,0,
Rei'yak Caridla,2,0,
Leebo Krupt,2,0,
Jase Millikin,2,0,
Vyal Ruathen,2,0,
Jindra Langri,2,0,
Gillian Lasel,2,0,
Alina te Danaan,2,0,Johanna
Jek Mirden,2,0,
Cassie Monoseer,2,0,
Racra Krullrusc,2,0,
Paulus Lazrus,2,0,
Lotus Blackpool,2,0,
Aranzael Moyat,2,0,
Ashden Keldrona,2,0,
Decrevi Cristescu,2,0,
Zrak'Hroun,2,0,
Piper,1,746,
Dante,1,615,
Vengan,1,545,
Caiton,1,378,
Alistair,1,245,
Vermillion,1,193,
Di'anCecht,1,170,
Kaitlin,1,141,
Priti,1,124,
Dionysis,1,105,
Burrachacca,1,105,
Racra,1,89,
Breecia,1,87,
Shikh,1,86,
Keifan,1,81,
Siva,1,74,
N'Saldon,1,71,
Kendell,1,64,
Prashk,1,63,
Harlock,1,61,
Maethor,1,59,
Steyl,1,59,
Loki,1,56,
Mojo,1,56,
Raven,1,54,
Halo,1,53,
Crystal,1,50,
Jarin,1,50,
Terrin,1,43,
Paladin,1,40,
Halos,1,40,
Lila,1,39,
Satine,1,36,
Singe,1,36,
Raver,1,35,
Durjan,1,35,
Stail,1,35,
Quick,1,34,
Maelle,1,33,
Ahkaurakh,1,32,
Yadumu,1,31,
Lokus,1,31,
Machkeu,1,31,
Sid,1,31,
Dagon,1,30,
Xanthe,1,29,
Maxxen,1,29,
Kora,1,29,
Lanthazar,1,29,
Ghost 8,1,29,
Sneer,1,29,
Vix,1,28,
Armstrong,1,28,
Rodo,1,26,
Sufa,1,26,
Quila,1,26,
Cole,1,26,
Tantrix,1,25,
Cheko,1,25,
Ricoar,1,25,
Zarcane,1,25,
Uriel,1,24,
Kain,1,24,
Winthrop,1,24,
Dawn,1,24,
Captain Diggs,1,24,Bazil
Verin,1,24,
Stoneface,1,23,
Eddie,1,23,
Fulk,1,23,
TK-2501,1,22,
Gillian,1,22,
Legato,1,22,
Hanna,1,22,
Snal'Fashtalli,1,22,
Seyyid,1,21,
Aidon,1,21,
Yashar,1,21,
Vzzee,1,21,
Gorgan,1,21,
Dak,1,20,
Zhamari,1,20,
Ross,1,20,
Jingle,1,20,
Rislyn,1,20,
Nate,1,20,
Ivar,1,19,
Hotwire,1,19,
Wilks,1,19,
Naota,1,18,
ST-1337,1,18,
Biff,1,18,
Roberto,1,18,
Estos,1,18,
Auntie Maya,1,18,
Moore,1,17,
Tiny,1,17,
Kiff,1,17,
Lono,1,17,
Nesin,1,17,
Kretzman,1,17,
C4,1,17,
Cirah,1,17,
Dyrna,1,17,
Chef,1,16,
Tantra,1,16,
Sean,1,16,
Claven,1,16,
Bronwyn,1,16,
Chapman,1,16,
Coleman,1,16,
SH0RTY,1,16,
Jali,1,15,
Hoolihan,1,15,
Siege,1,14,
Bochek,1,14,
Coxswain,1,14,
Sulla,1,14,
Ment,1,13,
Landis,1,13,
Comdore,1,13,
Haihai,1,13,
Balak,1,13,
Leate,1,13,
Collier,1,13,
Rogen,1,13,
Gienah,1,13,
Commander Calder,1,13,
Dracon,1,12,
Razi,1,12,
Rahvin,1,12,
Coda,1,12,
Denyse,1,12,
Sayla'kor,1,12,
Yinda,1,12,
Tegger,1,12,
Poot,1,12,
Monntok,1,11,
Skrit,1,11,
Spencer,1,11,
Adler,1,11,
Tathleach,1,11,
Chongatakiee,1,11,
Zergo,1,10,
Aleh,1,10,
Mekeal,1,10,
Handon,1,10,
Shem,1,10,
Tholt,1,10,
Ambar,1,10,
Halloway,1,10,
Krozit,1,10,
Jocal,1,10,
Lokiru,1,9,
Colonel Desson,1,9,
Dydron,1,9,
Dayna,1,9,
Stelita,1,9,
Perem,1,9,
Gunter,1,9,
Morganth,1,9,
Trrs'kal,1,9,
Lavrish'lin,1,9,
Sha-Cha Cha,1,9,
Stanley,1,8,
Jenkins,1,8,
Nurse Gwen,1,8,
Rawkrawr,1,8,
Terral,1,8,
Nol'Fet,1,8,
Darkholme,1,8,
Tycho,1,8,
Unnh,1,8,
Glitter,1,7,
T3-A7,1,7,
Mysti,1,7,
Mevid,1,7,
Xianna,1,7,
Grunax,1,7,
Giles Pendleton,1,7,
cadracak-'r'shak,1,7,
Ramsey,1,7,
Gorath,1,7,
Thralo,1,7,
Sharid,1,7,
Hinrich,1,6,
Boo-T,1,6,
L3-ET,1,6,
Keeros,1,6,
Wiyaana,1,6,
Alexin,1,6,
Co'Libri,1,6,
Quarren Ambassador,1,6,
Corliss,1,6,
ST-2034,1,6,
Slash,1,6,
TK-2503,1,6,
TK-4792,1,6,
Cerdle,1,6,
Dariza Ipex,1,6,
Rhiannon,1,6,
Viszla,1,6,
Ta-Nui-Bonda,1,6,
Eeth Mentel,1,5,
Yellowtail,1,5,
Attibecca,1,5,
Tibor Stasio,1,5,
Katala,1,5,
Sernz,1,5,
Szaric,1,5,
Emmit,1,5,
Tredo,1,5,
Loor,1,5,
Hora,1,5,
Naqua,1,5,
ST-9042,1,5,
Aido Or,1,5,
Rika,1,5,
Ambry,1,5,
Captain Durjan,1,5,
Comwiz,1,4,
Elly,1,4,
Takajin,1,4,
Valen,1,4,
Madixli,1,4,
Amelia Hawthorne,1,4,
Resniz,1,4,
Alex Raven,1,4,
Casul Nettic,1,4,
Marrell Thelin,1,4,
Tequa,1,4,
Dagger 3,1,4,
Jayla Burano,1,4,
Bastirio,1,4,
Karn,1,4,
Chaboub,1,4,
Timo Droja,1,4,
Uliq,1,4,
Zerae,1,4,
Captain Lofte,1,3,
Lon Cotaar,1,3,
Vek Eldar,1,3,
Jak McCulloch,1,3,
Goruk,1,3,
Tarrin Stardiver,1,3,
Bil Faan,1,3,
Kines,1,3,
Da'Shi,1,3,
Nooto,1,3,
Bias,1,3,
Songir Fentrus,1,3,
Barvareedee,1,3,
Unb'tar,1,3,
Terin,1,3,
Glory Lockhart,1,3,
Dandoi,1,3,
Montgomery,1,3,
Trett Hilo,1,3,
Motwa Torra,1,3,
Kola,1,3,
Sigil Rexton,1,3,
Lyshi,1,3,
Obi-Wan Kenobi,1,3,
Bossil Perlee,1,3,
Deyal Huxlo,1,3,
Dyne Haederfeld,1,3,
Senator Hastell,1,3,
Dean ak,1,3,
Kenji,1,3,
Daniels,1,3,
Milo Sienar,1,3,
Semtech Keno,1,2,
TK-2502,1,2,
Hsskah Agileclaw,1,2,
Ebon Zyar,1,2,
Jenya Vala,1,2,
Alstuner,1,2,
Stefan,1,2,
Tyrus Valtoor,1,2,
Captain Cunha,1,2,
Kinsa'una,1,2,
K3P0,1,2,
Replicant,1,2,
Woren Isaal,1,2,
Merreck Pelx,1,2,
Kath Samba,1,2,
Senator Ahudeek,1,2,
Thabo Mbeki,1,2,
Ariana Seri,1,2,
Teag Barrett,1,2,
Edgar Krac'zah,1,2,
Braal Vey'la,1,2,
Ginger,1,2,
Prudence Barry,1,2,
Domicor Honos,1,2,
Sato,1,2,
Aeron Corvus,1,2,
Giran Blaine,1,2,
Zig Al Fidel,1,2,
Miss Hintu,1,2,
Admiral Bejin,1,2,
Shas Krutz,1,2,
Lyle Derfill,1,2,
Kyyrruk,1,2,
Kiri Valios,1,2,
Laurence Dante,1,2,
Nicholas Chang,1,2,
Humbert Pumberdum,1,2,
Sisko,1,2,
Tarazed Brum,1,2,
Mersche Lumbroscopic,1,2,
Krechev,1,2,
Adaze Zasul,1,2,
Tray Garos,1,2,
Andra Eleria,1,2,
Inaya Macklebee,1,2,
Kora Liadin,1,2,
Sasha Nettic,1,2,
B'ric Toppe,1,2,
Yarah Ravenlocke,1,2,
Marius Starker,1,2,
Sascha Vildosti,1,1,
Aldol-Eo Pold,1,1,
Rafel de'Bris,1,1,
Huey Longshot,1,1,
Eoin Dunn,1,1,
Ms. Incinta,1,1,
Vergen Okkelveyer,1,1,
Fael Ramsis,1,1,
Vincit Danyeko,1,1,
Hale Bristol,1,1,
Orgrad Soval,1,1,
Ystile Wye,1,1,
Benelek,1,1,
Joran Hess,1,1,
Greven Sylar,1,1,
Amerna Slanver,1,1,
Blake Lorrent,1,1,
Jace Starr,1,1,
Momma Cleo,1,1,
Larin Ret'riss,1,1,
Raina Aderanne,1,1,
Nerik Dreshkar,1,1,
Feylin Calenik,1,1,
Hellion Kracken,1,1,
Harval Shaw,1,1,
J. Hook,1,1,
Commodore Snunb,1,1,
Jak M'koy,1,1,
Trent Ceska,1,1,
Carmella Rise,1,1,
Salann Grayhe,1,1,
Devon Striker,1,1,
Kairo,1,1,
Martin Teywer,1,1,
Rharkyrtha,1,1,
Sesbtain Williams,1,1,
Benji,1,1,
Amari Cociena,1,1,
Nicole Brouillard-Batrad,1,1,
Jimmy Pickle,1,1,
Tiboor Stasio,1,1,
Keely Prior,1,1,
Erin Abrosen,1,1,
Aideen Shamus,1,1,
Rinn Vakil,1,1,
Lola,1,1,
Wing Commander Ilan,1,1,
Jason Gorrman,1,1,
Tyr Steiner,1,1,
Tetsen'sugazi,1,1,
Thayra Delmund,1,1,
Irru Gex,1,1,
Ba'hob,1,1,
Major Peny,1,1,
Elya'balin,1,1,
William Roice,1,1,
Emily Dareus,1,1,
Garret Fife,1,1,
Ailah Vieres,1,1,
Tahk'pa,1,1,
Mora Rodriguez,1,1,
Xanatos Baldur,1,1,
Verst Dejorn,1,1,
Tricia Calder,1,1,
Adams Garat,1,1,
Rena Sarrabi,1,1,
Karissa Dalton,1,1,
Pakya Razem,1,1,
Kintor Roberts,1,1,
Jorgen Essain,1,1,
Jet Farx,1,1,
Rojones,1,1,
Renovo Shadowlin,1,1,
Malouf,1,1,
Jada Kadoth,1,1,
Ishtari Tsumeth,1,1,
Cas Mos,1,1,
Tuvare,1,1,
Normack Gastrov,1,1,
Savine Wolfray,1,1,
Aldus Syn,1,1,
K'alyeh U'shh,1,1,
Kathryn Jrevelian,1,1,Kathryn
Randal Na'ts,1,1,
Alana Ten'ou,1,1,
Xanatos Xavier,1,1,
Strenge Lehmann,1,1,
Gregory Garrett,1,1,
Blake Lorent,1,1,
Cerridan Shaerlati,1,0,
Di'anChecht,1,0,
Demitri Vry'lya,1,0,
Jonca Cojac,1,0,
Arenth Dubois,1,0,
Fern Powers,1,0,
Preston Mortemilitis,1,0,
Lierra Carlon,1,0,
Angalun Faust,1,0,
Naota Nandaba,1,0,
Gym Harp'r,1,0,
Besk Fel'ney,1,0,
Akor Odaliik,1,0,
Senator Bobbec,1,0,
Di'anCecht Dichet A.C. Rial,1,0,
Notlim,1,0,
Vernista Lan'desdin,1,0,
Senator Sesqua,1,0,
Wes Carter,1,0,
Anzon Gr'vish,1,0,
Illyana Crane,1,0,
Comdore Kay Serinoth,1,0,
Rafan Janrenk,1,0,
Alina Gens,1,0,
Snal'fashtalli Teague-Ikihsa,1,0,
Amek Drell,1,0,
Athan Cole,1,0,
Mayre O'Hanrahan,1,0,
Officer Izec,1,0,
"Matthew ""Rabid"" Fox",1,0,
Wes Masco,1,0,
Nimzar i'Falzin,1,0,
Jim T. Case,1,0,
Jamta Kisac,1,0,
John Penta,1,0,
Malik Ferdenko,1,0,
Crimson Lionheart,1,0,
Gene Malentean,1,0,
Eddie Halwinder,1,0,
Andrev Cassius,1,0,
Wally Vascili,1,0,
Jadon Lenor,1,0,
Chess Hutz,1,0,
Soliloquy Olexa Sella,1,0,
Carlist Rieekan,1,0,
Bren Senzi,1,0,
Kor'Goth,1,0,
Jade Ruen Vigos,1,0,
Jimmy Hoolihan,1,0,
Aleira Targadas,1,0,
Ratchet,1,0,
Kimber Pallas,1,0,
Elena Dasun Korminos,1,0,
Tabl Moek,1,0,
Chool Ndresi,1,0,
Thraken Quadrix,1,0,
Kenneth Roberts,1,0,
Shael Winter,1,0,
Tekahan Maroc,1,0,
Mugenjin Guren-Azayath,1,0,
Vaelyn Ir Xieker,1,0,
K. Kintor Roberts,1,0,
Eliza i'Falzin,1,0,
Lucinda Jordain,1,0,
Daryth,1,0,
Antra Silverthorn,1,0,
Rivo (Snake1),1,0,
Sinya'kor,1,0,
Lila Marcaigh,1,0,
Seppi Kharan,1,0,
Nicamonte Vroon,1,0,
Jolan Kaerf,1,0,
Allerden Vraill,1,0,
Foerga Shameia,1,0,
Sylia Avra,1,0,
Miles Daq,1,0,
Acthpa Sanduleak,1,0,
Bruno Ringoire,1,0,
Ubi Sunt Enebi,1,0,
Mick Kuhndog,1,0,
Tynan Aileron,1,0,
Suhail Kylrath,1,0,
Marz Tank,1,0,
Baral Heram,1,0,
Leda Same,1,0,
Kathryn Montavre-Jrevelian,1,0,Kathryn
Marie Breya,1,0,
Dagny Bryant,1,0,
Kaylen Morrell,1,0,
Gordis Jandis,1,0,
Antan Malika,1,0,
Kathryn McGuire,1,0,
Voren Nadil,1,0,
Biff Shelkin,1,0,
Askrut Melan'lya,1,0,
Jay Langston,1,0,
Severin Tanbris,1,0,
Maximilian Veers,1,0,
Mithral Hyperion,1,0,
Sharid Hascon,1,0,
Siren Delamont,1,0,
Seneca Eris Foyle,1,0,
Syyvos Rintari,1,0,
Meridian Tarasar,1,0,
