variant,player,dbref,db_type,source
2SK-MI,,,unresolved,two-part
501-Zed,501-Zed,10495,player,exact
A'estshy Nubiari,A'estshy,5610,player,token
A. Peltoo Appel,,,unresolved,two-part
AD-01,AD-01,9195,player,exact
Aaden Baeyal,Aaden,1272,player,token
Aaden'maal Baeyal,Aaden,1272,player,full_name
Aayla Noor,Aayla,11827,player,full_name
Ackbar,,,unresolved,two-part
Acthpa Sanduleak,,,unresolved,two-part
Adam Shadow,Shadow,10825,player,full_name
Adam Zero,Adam,11813,player,token
Adams Garat,,,unresolved,two-part
Adaze Zasul,,,unresolved,two-part
Adler,,,unresolved,two-part
Admiral Bejin,,,unresolved,two-part
Admiral Harkenson,,,unresolved,two-part
Aerilaya,,,unresolved,two-part
Aeron Corvus,,,unresolved,two-part
Agent McKenna,,,unresolved,two-part
Ahkaurakh,,,unresolved,two-part
Ai'kani Za'netra,Ai'kani,7786,player,token
Aideen Shamus,,,unresolved,two-part
Aido Or,,,unresolved,two-part
Aidon,,,unresolved,two-part
Ailah Vieres,,,unresolved,two-part
Airion Cimber,,,unresolved,two-part
Aisaiy Beemes,Aisaiy,12054,player,full_name
Aknar Koth'lyri,Aknar,7147,player,full_name
Akor Odaliik,,,unresolved,two-part
Al'Dira,Al'Dira,11521,player,exact
Alac,Alac,7437,player,exact
Alac Y'all,Alac,7437,player,full_name
Alan,Ralan,11795,player,fuzzy
Alana Ten'ou,,,unresolved,two-part
Alban,Alban,9842,player,exact
Alden Spiers,Alden,11621,player,token
Alder,,,unresolved,two-part
Aldol-Eo Pold,,,unresolved,two-part
Aldus Syn,,,unresolved,two-part
Aldus Thel,Thel,4590,player,full_name
Aleh,,,unresolved,two-part
Aleira Targadas,,,unresolved,two-part
Aleister Vadim,Vadim,775,player,full_name
Alex Dante,Dante,,annotation,annotation
Alex Raven,,,unresolved,two-part
Alexin,,,unresolved,two-part
Alexis Blochson,Alexis,11220,player,token
Alina,,,unresolved,two-part
Alina Gens,,,unresolved,two-part
Alina te Danaan,Johanna,,annotation,annotation
Alistair,,,unresolved,two-part
Alistair Al'Dira,Al'Dira,11521,player,full_name
Allerden Vraill,,,unresolved,two-part
Alora,,,unresolved,two-part
Alora Antieres,,,unresolved,two-part
Alstuner,,,unresolved,two-part
Altair,Altair,3686,player,exact
Altair Quila,Altair,3686,player,full_name
Alysha Mara,Alysha,3990,player,full_name
Ama-Li Vapasi,Ama-Li,5066,player,full_name
Amari Cociena,,,unresolved,two-part
Amaya Halos,,,unresolved,two-part
Amaza Sunrider,Amaza,3749,player,token
Ambar,,,unresolved,two-part
Ambrosia,Ambrosia,4866,player,exact
Ambrosia Delgard,Ambrosia,4866,player,full_name
Ambry,,,unresolved,two-part
Amek Drell,,,unresolved,two-part
Amelia Hawthorne,,,unresolved,two-part
Amerna Slanver,,,unresolved,two-part
Amylynn Starr,Amylynn,9420,player,token
Anatoli Black,Black,11078,player,token
Ander Dar,Darryn,4708,player,token
Andra,,,unresolved,two-part
Andra Eleria,,,unresolved,two-part
Andrev Cassius,,,unresolved,two-part
Aned Kirkland,,,unresolved,two-part
Angalun Faust,,,unresolved,two-part
Angel Dust copilot,,,unresolved,two-part
Angel Dust pilot,,,unresolved,two-part
Ansforth,Ansforth,10920,player,exact
Ansforth Nicodemus,Ansforth,10920,player,token
Antal Brencis,,,unresolved,two-part
Antan Malika,,,unresolved,two-part
Antoine Dareus,,,unresolved,two-part
Antra Silverthorn,,,unresolved,two-part
Anzon Gr'vish,,,unresolved,two-part
Ara,,,unresolved,two-part
Ara te Danaan,Johanna,,annotation,annotation
Aramis Tyrese,,,unresolved,two-part
Arands,Arands,2444,player,exact
Aranzael Moyat,,,unresolved,two-part
Aren,Jaren,3387,player,fuzzy
Arenth Dubois,,,unresolved,two-part
Argon Brand,Argon,2398,player,full_name
Ariana Millikin,,,unresolved,two-part
Ariana Seri,,,unresolved,two-part
Ariani,,,unresolved,two-part
Arise Omondra,Arise,7341,player,full_name
Arissa Kiiko,Arissa,2104,player,full_name
Armstrong,,,unresolved,two-part
Ash,Nitisha,5060,player,alias
Ash Seneal,Nitisha,5060,player,token
Ashby Williams,,,unresolved,two-part
Ashden Keldrona,,,unresolved,two-part
Ashton Van Sen,Vance,3336,player,token
Askra Sho'bre,,,unresolved,two-part
Askrut Melan'lya,,,unresolved,two-part
Asli Nayana,,,unresolved,two-part
Athahk,,8817,thing,exact-thing
Athan Cole,,,unresolved,two-part
Athena,Athena,7787,player,exact
Atsvara,,,unresolved,two-part
Atsvara Tarasar,,12102,thing,exact-thing
Attibecca,,,unresolved,two-part
Aubrey Saralyn,,,unresolved,two-part
Auntie Maya,,,unresolved,two-part
Auo,,,unresolved,two-part
Aurejin,,,unresolved,two-part
Aurelia Silabar,Aurelia,9880,player,token
Auxin Valerius,Valerius,418,player,full_name
Avalyshaar Dusten,Avy,573,player,token
Avitar,,,unresolved,two-part
Axel,Axel,9768,player,exact
Axel Vichten,Axel,9768,player,full_name
Ayaka,,,unresolved,two-part
Ayra,Mayra,9795,player,fuzzy
Azya,Azya,7316,player,exact
Azya Aguilira,Azya,7316,player,token
Azya McTavish,Azya,7316,player,token
B'ric Toppe,,,unresolved,two-part
Ba'hob,,,unresolved,two-part
Bacharan Valak,Valak,4031,player,full_name
Baedan Mirhoz,,,unresolved,two-part
Bail Organa Command,,,unresolved,two-part
Bailey Sora Laran,Bailey,2793,player,full_name
Balak,,,unresolved,two-part
Ban Fleming,Korynn,11044,player,token
Barakzai,Barakzai,3439,player,exact
Baral Heram,,,unresolved,two-part
Barnacle Bill,Bill,7721,player,alias
Barnacle Bill (Billious Qarrack),Bill,7721,player,token
Barrien Thrask,Thrask,8285,player,full_name
Barvareedee,,,unresolved,two-part
Basca Starker,,,unresolved,two-part
Bastirio,,,unresolved,two-part
Bavon Nass,,,unresolved,two-part
Bazil,Bazil,9199,player,exact
Bazil McKenzie,Bazil,9199,player,token
Beatrix Mara,Beatrix,8688,player,token
"Beaubos ""Skeezix"" Calhoun",Skeezix,,annotation,annotation
Beaubos Calhoun,Skeezix,,annotation,annotation
Bec Ga'lec,Bec,5228,player,full_name
Ben Jawatha,Benjawa,7696,player,token
Benelek,,,unresolved,two-part
Benjamin Jawatha,Benjawa,7696,player,full_name
Benji,,,unresolved,two-part
Besk Fel'ney,,,unresolved,two-part
Bias,,,unresolved,two-part
Biff,,,unresolved,two-part
Biff Shelkin,,,unresolved,two-part
Bil Faan,,,unresolved,two-part
Billious Qarrack,,,unresolved,two-part
Blake Hishinko,,,unresolved,two-part
Blake Lorent,,,unresolved,two-part
Blake Lorrent,,,unresolved,two-part
Blulurbgloblurb Druze,Druze,5306,player,full_name
Bob the Rodian,Bob,4113,player,token
Boba Fett,Boba_Fett,8672,player,exact
Bochek,,,unresolved,two-part
Bodan Akigga,Bodan,7627,player,full_name
Boo-T,,,unresolved,two-part
Bossil Perlee,,,unresolved,two-part
Bourne,,,unresolved,two-part
Braal Vey'la,,,unresolved,two-part
Brackett Benduday,,,unresolved,two-part
Brain,,6232,thing,exact-thing
Brandis Finian,Brandis,2057,player,token
Breecia,,,unresolved,two-part
Brek Halsmer,Brek,11828,player,full_name
Bren,Brenn,12006,player,fuzzy
Bren Senzi,,,unresolved,two-part
Brin Harper,Kalna,8648,player,full_name
Bronwyn,,,unresolved,two-part
Bruce Mach,Bruce,4569,player,token
Bruno,,,unresolved,two-part
Bruno Ringoire,,,unresolved,two-part
Burrachacca,,,unresolved,two-part
C-3PO,,6368,thing,exact-thing
C4,,,unresolved,two-part
Cade,Cade,7472,player,exact
Cade Katon,Cade,7472,player,token
Cade Vaughan,Cade,7472,player,token
Caiton,,,unresolved,two-part
Caliph Ashirael Rhannak,Rhannak,2768,player,full_name
Calyx Drogyn,Drogyn,11195,player,full_name
Camrath Kizuka,Kizuka,1222,player,full_name
Captain Cunha,,,unresolved,two-part
Captain Dauthless,,,unresolved,two-part
Captain Diggs,Bazil,,annotation,annotation
Captain Durjan,,,unresolved,two-part
Captain Lofte,,,unresolved,two-part
Captain Stone,Stone,7083,player,token
Carlist Rieekan,,,unresolved,two-part
Carmella Rise,,,unresolved,two-part
Cas Mos,,,unresolved,two-part
Cassie Monoseer,,,unresolved,two-part
Cassius,,,unresolved,two-part
Casul Nettic,,,unresolved,two-part
Cataleya,Cataleya,8461,player,exact
Celo'gnaritas'Subnoto,,,unresolved,two-part
Cerdle,,,unresolved,two-part
Cernious Vry'lya,,,unresolved,two-part
Cerridan Shaerlati,,,unresolved,two-part
Chaboub,,,unresolved,two-part
Chakuro,Chakuro,231,player,exact
Chanera Ruai Thorn,Chana,9493,player,full_name
Chantinelle Thistleborn,,,unresolved,two-part
Chapman,,,unresolved,two-part
Chase,Chase,9436,player,exact
Chef,,,unresolved,two-part
Cheko,,,unresolved,two-part
Cherish,,11532,thing,exact-thing
Chess Hutz,,,unresolved,two-part
Chewbacca,Chewbacca,4816,player,exact
Chez'na,Chez'na,11317,player,exact
Chez'na Navul'nu,Chez'na,11317,player,token
Chongatakiee,,,unresolved,two-part
Chool Ndresi,,,unresolved,two-part
Cirah,,,unresolved,two-part
Clarise,,,unresolved,two-part
Claven,,,unresolved,two-part
Co'Libri,,,unresolved,two-part
Coda,,,unresolved,two-part
Cole,,,unresolved,two-part
Coleman,,,unresolved,two-part
Colin,,,unresolved,two-part
Collier,,,unresolved,two-part
Colonel Desson,,,unresolved,two-part
Colonel Harless,,,unresolved,two-part
Colonel Imral,,,unresolved,two-part
Colonel V1C3,,,unresolved,two-part
Comdore,,,unresolved,two-part
Comdore Kay Serinoth,,,unresolved,two-part
Commander Calder,,,unresolved,two-part
Commodore Snunb,,,unresolved,two-part
Comwiz,,,unresolved,two-part
Cordelia Nivhya,,,unresolved,two-part
Coreen,,,unresolved,two-part
Corellian Commander,,,unresolved,two-part
Coreshan,,,unresolved,two-part
Corliss,,,unresolved,two-part
Cort Stasus,Cort,11999,player,token
Cortheon Jarrett,Cort,11999,player,full_name
Count Whaleface,,,unresolved,two-part
Coxswain,,,unresolved,two-part
Crestian,Crestian,5921,player,exact
Crestian Tarasar,Crestian,5921,player,full_name
Cricket,,8720,thing,exact-thing
Cricket McKenzie,,,unresolved,two-part
Crimson Lionheart,,,unresolved,two-part
Crimthan,,,unresolved,two-part
Crix Madine,,,unresolved,two-part
Crusader Command,,,unresolved,two-part
Crystal,,,unresolved,two-part
Crystal Keldahoff,,,unresolved,two-part
Cubitt Tethes,,,unresolved,two-part
Da'Shi,,,unresolved,two-part
Daana Roon,Daana,9683,player,full_name
Dagger 3,,,unresolved,two-part
Dagny Bryant,,,unresolved,two-part
Dagon,,,unresolved,two-part
Dak,,,unresolved,two-part
Dalek Rolynd,,,unresolved,two-part
Damien Loki Katon,Katon,4732,player,token
Dandoi,,,unresolved,two-part
Dane Noth,Dane,,annotation,annotation
Daniels,,,unresolved,two-part
Danik Kreldin,Danik,8061,player,token
Dante,,,unresolved,two-part
Dar'siden,Dar'siden,5021,player,exact
Darenak Alesis,,,unresolved,two-part
Dareus,,,unresolved,two-part
Dareus Inrokana,,,unresolved,two-part
Dariza Ipex,,,unresolved,two-part
Darkholme,,,unresolved,two-part
Darrian Fel'lya,Darrian,5879,player,token
Darth Malign,Tyler?,,annotation,annotation
Darth Malus,Malus,10062,player,token
Darth Venger,Korolov,6501,player,full_name
Daryth,,,unresolved,two-part
Dash Blazer,Dash,9338,player,token
Dauthus,Dauthus,3855,player,exact
David Stone,Stone,7083,player,full_name
Davyd,Davyd,9595,player,exact
Davyd Levvis,Davyd,9595,player,full_name
Dawn,,,unresolved,two-part
Daxin,Dain,10887,player,fuzzy
Dayna,,,unresolved,two-part
Dean ak,,,unresolved,two-part
Declan Rahn,Declan,4654,player,token
Decrevi Cristescu,,,unresolved,two-part
Defcon,,,unresolved,two-part
Del,Del,5462,player,exact
Del Marx,Del,5462,player,full_name
Delila Dmitri,Dmitri,3567,player,token
Demetria,Demeria,8575,player,fuzzy
Demitri Arands,Arands,2444,player,token
Demitri Vry'lya,,,unresolved,two-part
Denyse,,,unresolved,two-part
Detjin,Detjin,4834,player,exact
Devon Striker,,,unresolved,two-part
Devron Nuleshek,devron,465,player,token
Devyn,,,unresolved,two-part
Deyal Huxlo,,,unresolved,two-part
Dhamon Rand,Dhamon,189,player,token
Di'anCecht,,,unresolved,two-part
Di'anCecht Dichet A.C. Rial,,,unresolved,two-part
Di'anChecht,,,unresolved,two-part
Diggs,,,unresolved,two-part
Dillan Stelves,Dillan,695,player,token
Dillon,Dillon,4829,player,exact
Dimitri Salz,,,unresolved,two-part
Dionysis,,,unresolved,two-part
Dises Diaglo,,,unresolved,two-part
Doctor Alvarez,Vophsi,1893,player,token
Domicor Honos,,,unresolved,two-part
Dorian Navtilos,,,unresolved,two-part
Doril Farnsworth,Korbel,686,player,full_name
Doron Rtufo,Rtufo,2290,player,full_name
Dr. Caiton,,,unresolved,two-part
Dracolysk,,,unresolved,two-part
Dracon,,,unresolved,two-part
Draga the Hutt,Draga,4952,player,full_name
Drake Rukhas,Drake,11036,player,token
Dravin Xiz,Dravin,11213,player,full_name
Drax,Drax,4373,player,exact
Drax Rendolen,Drax,4373,player,full_name
Drayson Honos,,,unresolved,two-part
Drayson Honos communications officer,,,unresolved,two-part
Dreven,Dreven,1145,player,exact
Dreven Mercurio,Dreven,1145,player,full_name
Drew,Drew,1982,player,exact
Drew Carvallo,Drew,1982,player,token
Drocal Arconen,,,unresolved,two-part
Drorq,,,unresolved,two-part
Durjan,,,unresolved,two-part
Dydron,,,unresolved,two-part
Dylan,,,unresolved,two-part
Dyne Haederfeld,,,unresolved,two-part
Dyrna,,,unresolved,two-part
Eagle Four,,,unresolved,two-part
Ebon Zyar,,,unresolved,two-part
Ecks,Scyk,7194,player,alias
Eddie,,,unresolved,two-part
Eddie Halwinder,,,unresolved,two-part
Edgar Krac'zah,,,unresolved,two-part
Eeth Mentel,,,unresolved,two-part
Ehlias Cross,Ehlias,10168,player,full_name
Eithne Damia Tamesis,,,unresolved,two-part
Elana Tracer,Tracer,7424,player,full_name
Elddid,,,unresolved,two-part
Elena,,,unresolved,two-part
Elena Dasun Korminos,,,unresolved,two-part
Elias Corentin,Elias,1334,player,full_name
Eliza i'Falzin,,,unresolved,two-part
Elly,,,unresolved,two-part
Elya'balin,,,unresolved,two-part
Emily Dareus,,,unresolved,two-part
Emma,,8814,thing,exact-thing
Emmit,,,unresolved,two-part
Enb'Zik,Enb'Zik,3562,player,exact
Eoin Dunn,,,unresolved,two-part
Ephant Mon,,,unresolved,two-part
Erin Abrosen,,,unresolved,two-part
Ernest Pallando,Pallando,6469,player,token
Ernie Pallando,Pallando,6469,player,token
Eryk Zephron,,,unresolved,two-part
Esmeraldas Esfera,Esmeraldas,4635,player,token
Espo Slicer Sergeant,,,unresolved,two-part
Espo Strike Team Commander,,,unresolved,two-part
Estos,,,unresolved,two-part
Ethan Cassius,Ethan,2000,player,token
Ethan Katana,Ethan,2000,player,full_name
Etiel,,,unresolved,two-part
Etiel te Danaan,Johanna,,annotation,annotation
Euphoria,,10725,thing,exact-thing
Eva Sargent,Sargent,,annotation,annotation
Evir,,,unresolved,two-part
Evir Yissik,,,unresolved,two-part
Ewan Dain,Dain,10887,player,full_name
Exos Elan,Exos,12086,player,full_name
Ezkhil i'Falzin,,,unresolved,two-part
Ezlo,Ezlo,11865,player,exact
Fael Ramsis,,,unresolved,two-part
Fay,,,unresolved,two-part
Felipe del Montefort,Del,5462,player,token
Fenn Khor,Fenn,2684,player,token
Fern Powers,,,unresolved,two-part
Ferrak,Ferrak,1336,player,exact
Feyd Siva,Feyd,2319,player,full_name
Feylin,,,unresolved,two-part
Feylin Calenik,,,unresolved,two-part
Fianar Reanus,Reanus,8424,player,token
Flaron Korr,Korreptus,3890,player,token
Foerga Shameia,,,unresolved,two-part
Fortune,,,unresolved,two-part
Frederiko,Frederiko,5885,player,exact
Frederiko Eembek,Frederiko,5885,player,token
Fulk,,,unresolved,two-part
G.S. Qwynt VIII,Qwynt,8062,player,token
Gabi,,6621,thing,exact-thing
Gabi Delgard,,,unresolved,two-part
Gabrielle Calhoun,Gabrielle,3927,player,token
Gabrielle Damion,Gabrielle,3927,player,full_name
Galatea Demor,,,unresolved,two-part
Galen Rourke,Galen,5466,player,full_name
Galin,Galin,11461,player,exact
Galin Wraith,Galin,11461,player,token
Gar'thriln,Gar'thriln,5415,player,exact
Garret Fife,,,unresolved,two-part
Gavin Shai,Gavin,6618,player,full_name
Gene Malantean,,,unresolved,two-part
Gene Malentean,,,unresolved,two-part
Geophreigh Smitherbodkins IV,Smitherbodkins,8107,player,token
Geroam,,,unresolved,two-part
Ghost 8,,,unresolved,two-part
Gial Ackbar,,,unresolved,two-part
Gienah,,,unresolved,two-part
Giles Pendleton,,,unresolved,two-part
Giles Vermillion,Vermillion,,annotation,annotation
Gillian,,,unresolved,two-part
Gillian Lasel,,,unresolved,two-part
Gimel Daleth,,,unresolved,two-part
Ginger,,,unresolved,two-part
Giran Blaine,,,unresolved,two-part
Glitter,,,unresolved,two-part
Glory Lockhart,,,unresolved,two-part
Go,,,unresolved,two-part
Gorath,,,unresolved,two-part
Gordis Jandis,,,unresolved,two-part
Gorgan,,,unresolved,two-part
Goruk,,,unresolved,two-part
Graden Transal,,,unresolved,two-part
Grathix Stur'ttrakath,,,unresolved,two-part
Gregory Garrett,,,unresolved,two-part
Grei,Greiv,11527,player,fuzzy
Greiko Lornan,,,unresolved,two-part
Gren Delede,,,unresolved,two-part
Greven Sylar,,,unresolved,two-part
Grizz,,,unresolved,two-part
Grubba the Hutt,Draga,4952,player,token
Grunax,,,unresolved,two-part
Grymm Selcan,,,unresolved,two-part
Gunter,,,unresolved,two-part
Gustaf Heram,,,unresolved,two-part
Gym Harp'r,,,unresolved,two-part
Gyzen Bel,Gyzen_Bel,3475,player,exact
HM743,HM743,6933,player,exact
Haihai,,,unresolved,two-part
Hal Seiser,Hal,12005,player,full_name
Hale Bristol,,,unresolved,two-part
Halloway,,,unresolved,two-part
Halo,,,unresolved,two-part
Halos,,,unresolved,two-part
Han Solo,Han,1491,player,full_name
Han'bel Eckhart,Eckhart,12004,player,token
Handon,,,unresolved,two-part
Hanna,,,unresolved,two-part
Harlock,,,unresolved,two-part
Harmon,Harmon,10542,player,exact
Harval Shaw,,,unresolved,two-part
Hase Stargazer,,,unresolved,two-part
Hate Sarray,,,unresolved,two-part
Hauwka,Hauwka,11817,player,exact
Hauwkawrrka,Hauwka,11817,player,full_name
Hawke Taren,,,unresolved,two-part
Heinrich Stalh,Stalh,3993,player,token
Hellion Kracken,,,unresolved,two-part
Hinrich,,,unresolved,two-part
Holden,,,unresolved,two-part
Holden Deckherd,,,unresolved,two-part
Hoolihan,,,unresolved,two-part
Hora,,,unresolved,two-part
Hotwire,,,unresolved,two-part
Howie,,,unresolved,two-part
Howie Darklighter,,,unresolved,two-part
Hsskah Agileclaw,,,unresolved,two-part
Huey Longshot,,,unresolved,two-part
Humbert Pumberdum,,,unresolved,two-part
Ikihsa Enb'Zik,Enb'Zik,3562,player,full_name
Illyana Crane,,,unresolved,two-part
Ilyana,,,unresolved,two-part
Ilyana Sung,,,unresolved,two-part
Immobilizer 5,,,unresolved,two-part
Imperial Officer,,,unresolved,two-part
Imperial corvette pilot,,,unresolved,two-part
Imral,Imra,338,player,fuzzy
Imriel,,,unresolved,two-part
Inanna Jordain,,,unresolved,two-part
Inaya Macklebee,,,unresolved,two-part
Indren aU-Phraxus,Indren,10461,player,full_name
Inoga,,,unresolved,two-part
Irascius Quirn,,,unresolved,two-part
Irru Gex,,,unresolved,two-part
Ishtari Tsumeth,,,unresolved,two-part
Ivanil Sandomere,,,unresolved,two-part
Ivar,,,unresolved,two-part
J'Eeves,J'Eeves,6777,player,exact
J. Hook,,,unresolved,two-part
Jace Starr,,,unresolved,two-part
Jack Hall,Jack,8203,player,token
Jada Kadoth,,,unresolved,two-part
Jade Ruen Vigos,,,unresolved,two-part
Jaden,Jaden,11428,player,exact
Jadon Lenor,,,unresolved,two-part
Jae Ten,Jae,9322,player,full_name
Jager,Jagger,1262,player,fuzzy
Jaina Solo,Han,1491,player,token
Jairen,Jaren,3387,player,fuzzy
Jak M'koy,,,unresolved,two-part
Jak McCulloch,,,unresolved,two-part
Jakys Vry'lya,,,unresolved,two-part
Jal'Dana,Jal'Dana,8802,player,exact
Jal'Dana Rall,Jal'Dana,8802,player,full_name
Jalek Helion,,,unresolved,two-part
Jalek Wessiri,,,unresolved,two-part
Jali,,,unresolved,two-part
James K'Cusi,,,unresolved,two-part
Jamon Grendine,,,unresolved,two-part
Jamta Kisac,,,unresolved,two-part
Janos Audron,,,unresolved,two-part
Janus,Janus,11386,player,exact
Janus Tarasar,,12103,thing,exact-thing
Jaqen H'gar,,,unresolved,two-part
Jared Starwind,Jared,9707,player,token
Jarek Syris,Jarek,10154,player,full_name
Jarin,,,unresolved,two-part
Jarl Rellik,Rellik,9206,player,full_name
Jase Millikin,,,unresolved,two-part
Jasmine,,,unresolved,two-part
Jason Gorrman,,,unresolved,two-part
Jaspar Andromidas,Jaspar,4049,player,full_name
Javin Mitali,,,unresolved,two-part
Jaxx Morgan,Jaxx,6957,player,full_name
Jay Langston,,,unresolved,two-part
Jayden,Jayden,1792,player,exact
Jaykub,Jaykub,5501,player,exact
Jayla Burano,,,unresolved,two-part
Jek Mirden,,,unresolved,two-part
Jeni Donella,Jeni,1741,player,token
Jenkins,,,unresolved,two-part
Jenya Vala,,,unresolved,two-part
Jeralic Mandragon,,,unresolved,two-part
Jessa,jessalyn,3146,player,alias
Jessalyn,jessalyn,3146,player,exact
Jessalyn Valios,jessalyn,3146,player,full_name
Jessica Marama,Jessica,9686,player,full_name
Jet Farx,,,unresolved,two-part
Jim T. Case,,,unresolved,two-part
Jimmy Hoolihan,,,unresolved,two-part
Jimmy Pickle,,,unresolved,two-part
Jindra Langri,,,unresolved,two-part
Jingle,,,unresolved,two-part
Jocal,,,unresolved,two-part
Johanna,Johanna,9407,player,exact
Johanna Damion,Johanna,9407,player,token
Johanna Siri te Danaan,Johanna,9407,player,full_name
Johanna te Danaan,Johanna,9407,player,token
Johmac Mabru,Johmac,1832,player,full_name
John Donivan,Donivan,5457,player,token
John Penta,,,unresolved,two-part
Jolan Kaerf,,,unresolved,two-part
Jonas,Jonas,11782,player,exact
Jonas Alsten,Jonas,11782,player,full_name
Jonathan Steiner,JONATHAN,235,player,token
Jonathan Webb,Webb,8680,player,full_name
Jonau Diggs,Bazil,,annotation,annotation
Jonca Cojac,,,unresolved,two-part
Joran Hess,,,unresolved,two-part
Jordaan Mag,,,unresolved,two-part
Joren Vaylen,,,unresolved,two-part
Jorgen Essain,,,unresolved,two-part
Jorj Brinaj,,,unresolved,two-part
Josh Arands,Arands,2444,player,token
Joshua Arands,Arands,2444,player,token
Joworral,,,unresolved,two-part
Juan,Juran,6727,player,fuzzy
Juran,Juran,6727,player,exact
Juran Reinzhiner,Juran,6727,player,full_name
Jusre,,,unresolved,two-part
Juuka,Juuka,6252,player,exact
K'alyeh U'shh,,,unresolved,two-part
K'tyyri Tarashabi,K'tyyri,3768,player,full_name
K. Kintor Roberts,,,unresolved,two-part
K3P0,,,unresolved,two-part
Ka'una,Ka'una,10733,player,exact
Ka'una La,Ka'una,10733,player,full_name
Kacela,,,unresolved,two-part
Kadgie Rodo,,,unresolved,two-part
Kaein,,,unresolved,two-part
Kain,,,unresolved,two-part
Kairne Saa'thul,,,unresolved,two-part
Kairo,,,unresolved,two-part
Kaitlin,,,unresolved,two-part
Kaitlin Mainwaring,,,unresolved,two-part
Kaley,Kaley,3864,player,exact
Kaley Recourua,Kaley,3864,player,token
Kalidonna 'Lily' Serv'Laya,Kalidonna,11127,player,full_name
Kalna,Kalna,8648,player,exact
Karawn'Rai,Karawn'Rai,8929,player,exact
Karina,Karina,6939,player,exact
Karissa Dalton,,,unresolved,two-part
Karn,,,unresolved,two-part
Karrde,Karrde,5754,player,exact
Kartijan Lore,Kartijan,9521,player,token
Kasha,Kasha,11724,player,exact
Kasha Tabasuri,Kasha,11724,player,full_name
Katala,,,unresolved,two-part
Kath Samba,,,unresolved,two-part
Kathryn,,,unresolved,two-part
Kathryn Jrevelian,Kathryn,,annotation,annotation
Kathryn McGuire,,,unresolved,two-part
Kathryn Montavre-Jrevelian,Kathryn,,annotation,annotation
Kaylen Morrell,,,unresolved,two-part
Keely Prior,,,unresolved,two-part
Keeros,,,unresolved,two-part
Kegren'Te,,,unresolved,two-part
Keifan,,,unresolved,two-part
Kelbris Cooper,Kelbris,4300,player,full_name
Keline Nelhrn,Keline,7822,player,full_name
Kelnas,Kelnas,12027,player,exact
Kelvis,,,unresolved,two-part
Kelvis Aquatica,,,unresolved,two-part
Ken Wolf,Wolf,1444,player,token
Kendell,,,unresolved,two-part
Kenji,,,unresolved,two-part
Kenneth Roberts,,,unresolved,two-part
Kensle Gradvitz,,,unresolved,two-part
Kesander Beysarus,,,unresolved,two-part
Kestryan du Bracc,,,unresolved,two-part
Khanar Stryker,Stryker,9244,player,token
Khil,Khil,749,player,exact
Khirsah,,,unresolved,two-part
Kian,Kiran,7233,player,fuzzy
Kiare Quinn,Kiare,10421,player,token
Kieran,Kiran,7233,player,fuzzy
Kierv,,,unresolved,two-part
Kiff,,,unresolved,two-part
Kimber Pallas,,,unresolved,two-part
Kines,,,unresolved,two-part
Kinsa'una,,,unresolved,two-part
Kintor,,,unresolved,two-part
Kintor Roberts,,,unresolved,two-part
Kipran Jawatha,,6874,thing,exact-thing
Kiri Valios,,,unresolved,two-part
Kithan,,,unresolved,two-part
Kitterick Brandis Finian,Brandis,2057,player,full_name
Kitty (Kit),,,unresolved,two-part
Kola,,,unresolved,two-part
Kor'Goth,,,unresolved,two-part
Kora,,,unresolved,two-part
Kora Liadin,,,unresolved,two-part
Korbel,Korbel,686,player,exact
Korlen,Korlen,887,player,exact
Korolov,Korolov,6501,player,exact
Korynn Fleming,Korynn,11044,player,full_name
Kracen Ecks,Scyk,7194,player,token
Krackor Reincus,Krackor,3296,player,full_name
Krall Dar,Darryn,4708,player,token
Krayt Dragon,,9538,thing,exact-thing
Krechev,,,unresolved,two-part
Krel,,1042,thing,exact-thing
Krel Scrinae,,,unresolved,two-part
Kretzman,,,unresolved,two-part
Krieg,Krieg,3692,player,exact
Krieg Inrokana,Krieg,3692,player,full_name
Krinko,,,unresolved,two-part
Krozit,,,unresolved,two-part
Kryan,Ryan,4584,player,fuzzy
Krysten Carlyle,Krysten,653,player,token
Kuxli,,,unresolved,two-part
Kyle Senesca,Kyle_Senesca,2483,player,exact
Kyo,Kyokusha,2877,player,alias
Kyokusha,Kyokusha,2877,player,exact
Kyokusha Gackt,Kyokusha,2877,player,token
Kyrin,Kyrin,9395,player,exact
Kyrin Sh'vani,Kyrin,9395,player,full_name
Kyyel Marrak,Kyyel,4410,player,full_name
Kyyiriiwur,,,unresolved,two-part
Kyyrruk,,,unresolved,two-part
L3-ET,,,unresolved,two-part
Labatiel Atrox,,,unresolved,two-part
Lahn,,,unresolved,two-part
Laivin Quix,,,unresolved,two-part
Lance Corbet,Corbet,3219,player,token
Landis,,,unresolved,two-part
Lando,Lando,3709,player,exact
Lando Calrissian,Lando,3709,player,full_name
Lanil Jast,Lanil,4686,player,full_name
Lanthazar,,,unresolved,two-part
Lanze,Lanze,11282,player,exact
Lanze Beviin,Lanze,11282,player,full_name
Lara Grayson,,,unresolved,two-part
Larin Ret'riss,,,unresolved,two-part
Latar Zaff,,,unresolved,two-part
Lathan Vel,Vel,1323,player,token
Lauranne Tremichall,Lauranne,10708,player,full_name
Laurence Dante,,,unresolved,two-part
Lavender,,,unresolved,two-part
Lavrish'lin,,,unresolved,two-part
Leamer,,,unresolved,two-part
Leanna_Lar,,,unresolved,two-part
Leate,,,unresolved,two-part
Leda Same,,,unresolved,two-part
Leebo Krupt,,,unresolved,two-part
Legato,,,unresolved,two-part
Lehec,,,unresolved,two-part
Leia,Leia,3147,player,exact
Leia Organa,Leia,3147,player,token
Leia Organa Solo,Leia,3147,player,full_name
Lelila,,,unresolved,two-part
Lemos Ackinbrac,,,unresolved,two-part
Leo,Leo,5965,player,exact
Leo Corak,Leo,5965,player,full_name
Lepidoptera,,,unresolved,two-part
Leyanne Zion,,,unresolved,two-part
Lianja Tantai,Lianja,846,player,full_name
Lianna,Lianna,10108,player,exact
Lianna Blackledge,Lianna,10108,player,full_name
Lierra Carlon,,,unresolved,two-part
Lila,,,unresolved,two-part
Lila Marcaigh,,,unresolved,two-part
Liora Kovani,,,unresolved,two-part
Lirae Moncair,,,unresolved,two-part
Liuz Bogumil,,,unresolved,two-part
Liza Molokai,Liza,8364,player,token
Loki,,,unresolved,two-part
Lokiru,,,unresolved,two-part
Lokus,,,unresolved,two-part
Lola,,,unresolved,two-part
Lon Cotaar,,,unresolved,two-part
Lon Cotar,,,unresolved,two-part
Longinus Van Sen,Vance,3336,player,token
Lono,,,unresolved,two-part
Lonri'napara,Lonrina,4043,player,full_name
Loor,,,unresolved,two-part
Loraiil,,,unresolved,two-part
Loreck Hawkins,Loreck,4014,player,full_name
Lorn,Malus,10062,player,alias
Lorn Rhys,Malus,10062,player,full_name
Lotus Blackpool,,,unresolved,two-part
Loy Marin,Loy_Marin,3005,player,exact
Lucinda Jordain,,,unresolved,two-part
Lucky,Buck,10458,player,alias
Luke,Luke,2043,player,exact
Luke Skywalker,Luke,2043,player,full_name
Luther Syss,,,unresolved,two-part
Lyle Derfill,,,unresolved,two-part
Lynae,Lynae,9311,player,exact
Lynae Caiton,Lynae,9311,player,token
Lynae Cassius,Lynae,9311,player,full_name
Lynae Cassius-Caiton,Lynae,9311,player,token
Lynae Cassius-Mahon,Lynae,9311,player,token
Lyra,Lyra,6575,player,exact
Lyrik Welkar,,,unresolved,two-part
Lyshi,,,unresolved,two-part
Machkeu,,,unresolved,two-part
Madixli,,,unresolved,two-part
Maelle,,,unresolved,two-part
Maethor,,,unresolved,two-part
Maethor Savage,Maethor,,annotation,annotation
Mahon,Mahon,6463,player,exact
Mailyn,Mailyn,1548,player,exact
Mailyn Raines,Mailyn,1548,player,full_name
Major Peny,,,unresolved,two-part
Malif,Malif,5316,player,exact
Malif Tal-Tahn,Malif,5316,player,full_name
Malign,,,unresolved,two-part
Malign's chief aide,,,unresolved,two-part
Malik Ferdenko,,,unresolved,two-part
Malouf,,,unresolved,two-part
Malus,Malus,10062,player,exact
Malus Brock,Malus,10062,player,token
Mara Shinomiya,,,unresolved,two-part
Marcus,Marcus,4330,player,exact
Marcus DeVilliers,Marcus,4330,player,token
Marcus Delvennis,Marcus,4330,player,token
Mari,Marjia,11025,player,alias
Marie Breya,,,unresolved,two-part
Maris Becton,Maris,6261,player,full_name
Marius Starker,,,unresolved,two-part
Mark Avery,Mark_Steele,592,player,token
Mark Steele,Mark_Steele,592,player,exact
Markus Lisardis,Markus,9567,player,full_name
Marl Jace,,,unresolved,two-part
Marrell Thelin,,,unresolved,two-part
Martin Teywer,,,unresolved,two-part
Marz Tank,,,unresolved,two-part
Mat Cypher,Cypher,8003,player,token
"Matthew ""Rabid"" Fox",,,unresolved,two-part
Matthew Fox,,,unresolved,two-part
Maximilian Veers,,,unresolved,two-part
Maxxen,,,unresolved,two-part
May,,,unresolved,two-part
Mayre O'Hanrahan,,,unresolved,two-part
Mege Vauki,Bazil,,annotation,annotation
Meissa,,,unresolved,two-part
Mekeal,,,unresolved,two-part
Mella,Mella,5326,player,exact
Ment,,,unresolved,two-part
Mephisto,mephisto,6034,player,exact
Meridian,,,unresolved,two-part
Meridian Tarasar,,,unresolved,two-part
Merk,Merek,8651,player,fuzzy
Merreck Pelx,,,unresolved,two-part
Mersche,,,unresolved,two-part
Mersche Lumbroscopic,,,unresolved,two-part
Methos,,,unresolved,two-part
Mevid,,,unresolved,two-part
Mick Kuhndog,,,unresolved,two-part
Miles Daq,,,unresolved,two-part
Milo Sienar,,,unresolved,two-part
Mira,Mira,463,player,exact
Mira Isaria,Mira,463,player,full_name
Miranda Jabs,Jabs,5023,player,full_name
Miss Hintu,,,unresolved,two-part
Mitali,,,unresolved,two-part
Mithral,,,unresolved,two-part
Mithral Hyperion,,,unresolved,two-part
Mitler,,,unresolved,two-part
Mitra,Mira,463,player,fuzzy
Moira,Moirae,9700,player,fuzzy
Mojo,,,unresolved,two-part
Molari Canto,,,unresolved,two-part
Momma Cleo,,,unresolved,two-part
Mon Calamari Ambassador,BC_Calamari,76,player,token
Monk Hugo,,7766,thing,exact-thing
Monntok,,,unresolved,two-part
Montgomery,,,unresolved,two-part
Moore,,,unresolved,two-part
Mora Rodriga,,,unresolved,two-part
Mora Rodriguez,,,unresolved,two-part
Moralis Rodriga,Moralis,,annotation,annotation
Morganna,,,unresolved,two-part
Morganna Tazecks,Morganna,,annotation,annotation
Morganth,,,unresolved,two-part
Morlok Adlerson,Adlerson,3796,player,token
Morrison,Morrison,8202,player,exact
Morrison Van Sen,Morrison,8202,player,full_name
Motwa Torra,,,unresolved,two-part
Mox,Mox,11902,player,exact
Mr. Stone,Stone,7083,player,token
Ms. Incinta,,,unresolved,two-part
Mugenjin Guren-Azayath,,,unresolved,two-part
Munch,,,unresolved,two-part
Murdock,Murdock,4104,player,exact
Myiari Oerstead,Myiari,9277,player,full_name
Mysti,,,unresolved,two-part
N'Saldon,,,unresolved,two-part
NPC_RebelScum,,,unresolved,two-part
Nachkt'lyysk,,,unresolved,two-part
Naldo,,,unresolved,two-part
Naota,,,unresolved,two-part
Naota Nandaba,,,unresolved,two-part
Naqua,,,unresolved,two-part
Nara,Nara,11822,player,exact
Nara Rhen,Nara,11822,player,token
Naria,Nara,11822,player,fuzzy
Nasiri,Nasiri,1329,player,exact
Nasiri Gejalli,Nasiri,1329,player,token
Nasiri Zithreej,Nasiri,1329,player,full_name
Nastaran Zohreh,Nastaran,4837,player,full_name
Nat Pagle,Natari,7642,player,token
Nate,,,unresolved,two-part
Naten Bonrue,,,unresolved,two-part
Nelle,Noelle,8476,player,fuzzy
Nerik Dreshkar,,,unresolved,two-part
Nesin,,,unresolved,two-part
Nicamonte Vroon,,,unresolved,two-part
Nicholas Chang,,,unresolved,two-part
Nicole Brouillard-Batrad,,,unresolved,two-part
Niels,Nils,12109,player,fuzzy
Nimzar i'Falzin,,,unresolved,two-part
Nitisha Lazure,Nitisha,5060,player,full_name
Nol'Fet,,,unresolved,two-part
Nooto,,,unresolved,two-part
Normack Gastrov,,,unresolved,two-part
Notlim,,,unresolved,two-part
Nubudo Bakrak,,,unresolved,two-part
Nun'ia,Nun'ia,1377,player,exact
Nurse Gwen,,,unresolved,two-part
Nynaeve,Nynaeve,957,player,exact
Nynaeve Arthaus,Nynaeve,957,player,full_name
Obi-Wan Kenobi,,,unresolved,two-part
Octavian Dibar,Dibar,2189,player,full_name
Odion Cobb,,,unresolved,two-part
Officer Izec,,,unresolved,two-part
Ohaotrantak Ostivort,,,unresolved,two-part
Ona Rei Delamont,,,unresolved,two-part
Oren Balak,,,unresolved,two-part
Orgrad Soval,,,unresolved,two-part
Orson Tighe,Orson,,annotation,annotation
Ozzle Olumpari,Ozzle,4620,player,full_name
Pakya Razem,,,unresolved,two-part
Paladin,,,unresolved,two-part
Pallando,Pallando,6469,player,exact
Palpatine,Palpatine,8971,player,exact
Paris Sieara,,,unresolved,two-part
Paul Nighman,Nighman,2091,player,full_name
Paul_Nighman,Nighman,2091,player,full_name
Paulus Lazrus,,,unresolved,two-part
Perem,,,unresolved,two-part
Peshk Vry'lya,Peshk,5006,player,full_name
Petra Doom,Petra,1716,player,token
Phair Kreiss,,,unresolved,two-part
Piper,,,unresolved,two-part
Planetary Control Officer,,,unresolved,two-part
Poguala,,,unresolved,two-part
Poguala Waaris-Dawntreader,Poguala,,annotation,annotation
Poot,,,unresolved,two-part
Portia Vykos,Portia,768,player,full_name
Prashk,,,unresolved,two-part
Preston Mortemilitis,,,unresolved,two-part
Priti,,,unresolved,two-part
Prudence Barry,,,unresolved,two-part
Pyat dar Kuat,Darryn,4708,player,token
Qua'lor,Qua'lor,11995,player,exact
Quarren Ambassador,,,unresolved,two-part
Quaye Oswent,,,unresolved,two-part
Quick,,,unresolved,two-part
Quila,,,unresolved,two-part
Quinne Stardust Rose,Quinne,2608,player,full_name
Qwynt,Qwynt,8062,player,exact
R2-D2,,5736,thing,exact-thing
R3-K7,,10054,thing,exact-thing
Race McCall,,,unresolved,two-part
Racra,,,unresolved,two-part
Racra Krullrusc,,,unresolved,two-part
Rafan Janrenk,,,unresolved,two-part
Rafel de'Bris,,,unresolved,two-part
Rahvin,,,unresolved,two-part
Raika,,,unresolved,two-part
Raika Navar,,,unresolved,two-part
Raina Aderanne,,,unresolved,two-part
Rainer Aiden Maximilian,Rainer,11642,player,full_name
Rainier Aiden Maximilian,Aiden,1749,player,token
Raj,,,unresolved,two-part
Rake,Radke,567,player,fuzzy
Ramsey,,,unresolved,two-part
Ramyxth,,,unresolved,two-part
Randal Na'ts,,,unresolved,two-part
Ranma Hoshiakarui,,,unresolved,two-part
Rasi,Rasi,1050,player,exact
Rasi Cen,Rasi,1050,player,token
Rasi Praddhan Cen,Rasi,1050,player,full_name
Rassa,,,unresolved,two-part
Ratchet,,,unresolved,two-part
Raven,,,unresolved,two-part
Raver,,,unresolved,two-part
Rawkrawr,,,unresolved,two-part
Rawnie Qrowe,Rawnie,12003,player,full_name
Raxis L'ygr,,,unresolved,two-part
Raynn Keel,Raynn,11583,player,full_name
Razi,,,unresolved,two-part
Rebecca Varn,Rebecca,11722,player,token
Rei'yak Caridla,,,unresolved,two-part
Rena Sarrabi,,,unresolved,two-part
Renovo Shadowlin,,,unresolved,two-part
Replicant,,,unresolved,two-part
Resniz,,,unresolved,two-part
Ressec,,,unresolved,two-part
Reveal,,,unresolved,two-part
Reynar Dax,Dax,11674,player,token
Rharkyrtha,,,unresolved,two-part
Rhiannon,,,unresolved,two-part
Ricoar,,,unresolved,two-part
Ridge,Ridge,140,player,exact
Ridge Archilles,Ridge,140,player,full_name
Rika,,,unresolved,two-part
Rinn Vakil,,,unresolved,two-part
Rintari Syyvos,,,unresolved,two-part
Rislyn,,,unresolved,two-part
Rivo (Snake1),,,unresolved,two-part
Rixt,Rixt,286,player,exact
Rob,,,unresolved,two-part
Roberto,,,unresolved,two-part
Rodo,,,unresolved,two-part
Rogen,,,unresolved,two-part
Rogue Eight,,,unresolved,two-part
Rogue Seven,,,unresolved,two-part
Rogue Ten,,,unresolved,two-part
Rojones,,,unresolved,two-part
Roland Antilles,Roland,11533,player,token
Roland Sienar,Roland,11533,player,token
Rook,Rook,5405,player,exact
Rook Barnsdale,Rook,5405,player,token
Rook Sallowar,Rook,5405,player,token
Ross,,,unresolved,two-part
Runther DeMagna,,,unresolved,two-part
Russel,,,unresolved,two-part
Ryder,,,unresolved,two-part
SH0RTY,,,unresolved,two-part
ST-1337,,,unresolved,two-part
ST-2034,,,unresolved,two-part
ST-9042,,,unresolved,two-part
ST_Squad_Leader,,,unresolved,two-part
Sabbathius Osbourne,Sabbath,4294,player,full_name
Sabine Valios,Sabine,8617,player,token
Sabrina,Sabrina,8223,player,exact
Sabrina Rheatis,Sabrina,8223,player,full_name
Sadim Gnik,Sadim,11433,player,full_name
Salann Grayhe,,,unresolved,two-part
Salin Fawzy,Fawzy,2099,player,full_name
Sally Carol,,,unresolved,two-part
Salonika Batrad,Salonika,2727,player,full_name
Salty Jack,Jack,8203,player,alias
Salty Jack (Jaqen H'gar),Jack,8203,player,token
Sam'viel Zakarin,Sam'viel,4466,player,full_name
Samyok,Samyok,12026,player,exact
Sandor Woden,,,unresolved,two-part
Sanoire Cror,Cror,3759,player,token
Sarai Litve,,,unresolved,two-part
Sascha Vildosti,,,unresolved,two-part
Sasha Nettic,,,unresolved,two-part
Satine,,,unresolved,two-part
Sato,,,unresolved,two-part
Savine Wolfray,,,unresolved,two-part
Sayla'kor,,,unresolved,two-part
Scar,Oscar,9264,player,fuzzy
Scaven Marx,Scaven,11640,player,full_name
Scrat,,,unresolved,two-part
Seamus Doherty,,,unresolved,two-part
Sean,,,unresolved,two-part
Sean Dillon,Dillon,4829,player,token
Seifer Wolf,Wolf,1444,player,full_name
Sekes Reyoz Ric'amar,Sekes,2925,player,full_name
Selektah,,,unresolved,two-part
Selko Aronat,Selko,6615,player,full_name
Semtech Keno,,,unresolved,two-part
Senator Ahudeek,,,unresolved,two-part
Senator Bobbec,,,unresolved,two-part
Senator Hastell,,,unresolved,two-part
Senator Sesqua,,,unresolved,two-part
Seneca Eris Foyle,,,unresolved,two-part
Sentinel,,,unresolved,two-part
Senya Drayel,,,unresolved,two-part
Seppi Kharan,,,unresolved,two-part
Serenella,Serenella,11297,player,exact
Serenella Jordain,Serenella,11297,player,full_name
Sernz,,,unresolved,two-part
Sesbtain Williams,,,unresolved,two-part
Seth Senesca,,,unresolved,two-part
Seth Skyler,,,unresolved,two-part
Sethas,,,unresolved,two-part
Sev,Sev'rance,8737,player,alias
Sev'rance Cassoni,Sev'rance,8737,player,full_name
Severin Tanbris,,,unresolved,two-part
Sexy Red Guard,Redulga,1928,player,token
Seyyid,,,unresolved,two-part
Sh'par Tarashabi,Sh'par,4867,player,token
Sha Dark,Sha'dria,6689,player,token
Sha-Cha Cha,,,unresolved,two-part
Shael,,,unresolved,two-part
Shael Edur,,,unresolved,two-part
Shael Winter,,,unresolved,two-part
Shael Winters,,,unresolved,two-part
Shaerlati,,,unresolved,two-part
Shakir Tarkona,Shakir,10233,player,full_name
Shandra Fleming,Korynn,11044,player,token
Shane Sonax,Shane,11798,player,full_name
Shannon,Shannon,6115,player,exact
Shannon Arands,Shannon,6115,player,token
Sharid,,,unresolved,two-part
Sharid Hascon,,,unresolved,two-part
Sharidan Hrackniss,,,unresolved,two-part
Shas Krutz,,,unresolved,two-part
Shem,,,unresolved,two-part
Shenner,,,unresolved,two-part
Shenner Veery,Shenner,,annotation,annotation
Shenneret Veery,Shenner,,annotation,annotation
Shiari Vane,Vane,4849,player,full_name
Shikh,,,unresolved,two-part
Shintu,,,unresolved,two-part
Shoburhynn,,,unresolved,two-part
Shoog-Mox Klagg,Mox,11902,player,full_name
Shovadu,,,unresolved,two-part
Sia Cia,Siarra,6898,player,token
Siarra Krell,Siarra,6898,player,full_name
Sid,,,unresolved,two-part
Sidina Renard,,,unresolved,two-part
Sidra,Idra,12009,player,fuzzy
Siege,,,unresolved,two-part
Sigil Rexton,,,unresolved,two-part
Silent Curator,,,unresolved,two-part
Silvin Katrar,,,unresolved,two-part
Simetha,,,unresolved,two-part
Simon Sezirok,Simon,7077,player,full_name
Simone Drake,Drake,11036,player,token
Sinestra,Sinestra,9651,player,exact
Sinestra Ataraxis,Sinestra,9651,player,full_name
Singe,,,unresolved,two-part
Sinjon Teague,Sinjon_Teague,7121,player,exact
Sinter,,,unresolved,two-part
Sinya'kor,,,unresolved,two-part
Siren Delamont,,,unresolved,two-part
Sirlahn Inglet,,,unresolved,two-part
Sisko,,,unresolved,two-part
Siva,,,unresolved,two-part
Siva Chantillis,,,unresolved,two-part
Sivytra Nona,Sivytra,7163,player,full_name
Skawn Kairn,Skawn,11903,player,full_name
Skeezix,,,unresolved,two-part
Skrit,,,unresolved,two-part
Slash,,,unresolved,two-part
Snal'Fashtalli,,,unresolved,two-part
Snal'Fashtalli Teague-Ikihsa,,,unresolved,two-part
Snal'fashtalli Teague-Ikihsa,,,unresolved,two-part
Snarl,Snarl,8277,player,exact
Sneer,,,unresolved,two-part
Soliloquy Olexa Sella,,,unresolved,two-part
Solomon Fields,,,unresolved,two-part
Solon Halwinder,Solon_Halwinder,5570,player,exact
Songir Fentrus,,,unresolved,two-part
Sonja Damion,Damion,11376,player,token
Sonny Wuv Traa,,,unresolved,two-part
Soren,Sorin,11998,player,alias
Sorin,Sorin,11998,player,exact
Spencer,,,unresolved,two-part
Ssanyu Natrulon,Ssanyu,11588,player,full_name
Stail,,,unresolved,two-part
Stalh,Stalh,3993,player,exact
Stanley,,,unresolved,two-part
Starlight,,,unresolved,two-part
Staus,Stasus,1990,player,fuzzy
Stefan,,,unresolved,two-part
Stelita,,,unresolved,two-part
Steyl,,,unresolved,two-part
Stoneface,,,unresolved,two-part
Strenge Lehmann,,,unresolved,two-part
Suana,Suana,12007,player,exact
Sufa,,,unresolved,two-part
Suhail Kylrath,,,unresolved,two-part
Sulla,,,unresolved,two-part
Sung,,7185,thing,exact-thing
Swanstee,,,unresolved,two-part
Sylia Avra,,,unresolved,two-part
Syyvos Rintari,,,unresolved,two-part
Szaric,,,unresolved,two-part
T3-A7,,,unresolved,two-part
TC-81,,,unresolved,two-part
TK-2501,,,unresolved,two-part
TK-2502,,,unresolved,two-part
TK-2503,,,unresolved,two-part
TK-4792,,,unresolved,two-part
Ta'Keshi,Ta'Keshi,378,player,exact
Ta-Nui-Bonda,,,unresolved,two-part
Tabl Moek,,,unresolved,two-part
Tacra,,,unresolved,two-part
Tacuba the Hutt,Draga,4952,player,token
Taggor Bren,,,unresolved,two-part
Tahk'pa,,,unresolved,two-part
Tak Dagon,Ta'Keshi,378,player,token
Takajin,,,unresolved,two-part
Tal'sin,Tal'sin,9354,player,exact
Tal'sin Secura,Tal'sin,9354,player,full_name
Talia Andorn,Talia,2489,player,token
Talia Dorann,Talia,2489,player,token
Talon Karrde,Karrde,5754,player,full_name
Tand,,,unresolved,two-part
Tane Wystler,tane,5069,player,token
Tanis Cadell,,,unresolved,two-part
Tanith,Tannith,11473,player,fuzzy
Tantra,,,unresolved,two-part
Tantrix,,,unresolved,two-part
Tarazed Brum,,,unresolved,two-part
Tarin Pellegar,,,unresolved,two-part
Tarkis Kayl'bre,,,unresolved,two-part
Tarlin,,,unresolved,two-part
Tarrin,,,unresolved,two-part
Tarrin Stardiver,,,unresolved,two-part
Tarroc D'agor,Tarroc,10105,player,token
Tarshyyk,Tarshyyk,3023,player,exact
Tathleach,,,unresolved,two-part
Teag Barrett,,,unresolved,two-part
Tegger,,,unresolved,two-part
Tekahan Maroc,,,unresolved,two-part
Tellain Rockflyer,,,unresolved,two-part
Tequa,,,unresolved,two-part
Terin,,,unresolved,two-part
Terral,,,unresolved,two-part
Terrin,,,unresolved,two-part
Tessari Vonn,,,unresolved,two-part
Tetsen'sugazi,,,unresolved,two-part
Thabo Mbeki,,,unresolved,two-part
Thanos,,,unresolved,two-part
Thayra Delmund,,,unresolved,two-part
Tholt,,,unresolved,two-part
Thomas Mahon,Mahon,6463,player,token
Thorton,,,unresolved,two-part
Thraken Quadrix,,,unresolved,two-part
Thralo,,,unresolved,two-part
Thurston Unger,Thurston,11933,player,full_name
Tiali,Tiali,5388,player,exact
Tiali Nora,Tiali,5388,player,full_name
Tiaryn Elatar,Tiaryn,11997,player,full_name
Tiboor Stasio,,,unresolved,two-part
Tibor Stasio,,,unresolved,two-part
Timo Droja,,,unresolved,two-part
Tiny,,,unresolved,two-part
Tivadar,Tivadar,10570,player,exact
Toby,,,unresolved,two-part
Tokoga,Tokoga,8189,player,exact
Torg'ahail'naerso,Galin,11461,player,full_name
Torin Marr,Torin,11515,player,full_name
Torin Vorl,Torin,11515,player,token
Toryn,,,unresolved,two-part
Tray Garos,,,unresolved,two-part
Tredo,,,unresolved,two-part
Trent Ceska,,,unresolved,two-part
Trett Hilo,,,unresolved,two-part
Tricia Calder,,,unresolved,two-part
Tritus Vaticus,Tritus,7355,player,full_name
Troy,Troy,9105,player,exact
Troy McTavish,Troy,9105,player,token
Trrs'kal,,,unresolved,two-part
Tryno,,,unresolved,two-part
Tsaran Joir,,,unresolved,two-part
Turk Avid,,,unresolved,two-part
Tuvare,,,unresolved,two-part
Twila Virda,Twila,9990,player,full_name
Tycho,,,unresolved,two-part
Tychus Varian,Varian,3639,player,token
Tyler,Tyler,3751,player,exact
Tyler Damion,Tyler,3751,player,token
Tyler McBride,McBride,5145,player,full_name
Tynan Aileron,,,unresolved,two-part
Tyr Steiner,,,unresolved,two-part
Tyrus Valtoor,,,unresolved,two-part
Tyy'sun Eson,Tyy'sun,3655,player,token
Ubi Sunt Enebi,,,unresolved,two-part
Uliq,,,unresolved,two-part
Ullan Kizuka,Ullan,439,player,token
Ullan Kizuka-Jones,Ullan,439,player,full_name
Ullo the Hutt,Draga,4952,player,token
Unb'tar,,,unresolved,two-part
Unnh,,,unresolved,two-part
Uriel,,,unresolved,two-part
Urio'kosh,,,unresolved,two-part
V1C3,,12106,thing,exact-thing
Vaelyn Ir Xieker,,,unresolved,two-part
Valen,,,unresolved,two-part
Valkyr Tenebre,,,unresolved,two-part
Valya Tass,Valya,12063,player,full_name
Vance Jaxx,Vance,3336,player,full_name
Vanilla,,12107,thing,exact-thing
Varin Rall,Jal'Dana,8802,player,token
Vassily Korolov,Korolov,6501,player,token
Vaughan,Vaughan,11388,player,exact
Vauki,Bazil,,annotation,annotation
Vectus,Vectus,4670,player,exact
Vek,,,unresolved,two-part
Vek Eldar,,,unresolved,two-part
Ven Secura,,,unresolved,two-part
Vengan,,,unresolved,two-part
Vengan Draelis,,,unresolved,two-part
Venus Darkstar,Venus,340,player,token
Ver-Tak Kai,Jasmina,9576,player,token
Vergen Okkelveyer,,,unresolved,two-part
Verin,,,unresolved,two-part
Vermillion,,,unresolved,two-part
Vernista Lan'desdin,,,unresolved,two-part
Verst Dejorn,,,unresolved,two-part
Veruca Violet,,12108,thing,exact-thing
Vextin Mandor,,,unresolved,two-part
Via Tyche,,,unresolved,two-part
Viktor Faust,Viktor,881,player,token
Vincit Danyeko,,,unresolved,two-part
Violet Allure,Violet,,annotation,annotation
Viszla,,,unresolved,two-part
Vito Zarl,Zarl,8560,player,token
Vix,,,unresolved,two-part
Vophsi,Vophsi,1893,player,exact
Voren Nadil,,,unresolved,two-part
Vorn Paro,Paro,3292,player,full_name
Vyal Ruathen,,,unresolved,two-part
Vzzee,,,unresolved,two-part
Wallas Thurl,Thurl,11494,player,full_name
Wally Vascili,,,unresolved,two-part
Warlord Malign,,,unresolved,two-part
Webb,Webb,8680,player,exact
Wedge,Wedge,3514,player,exact
Wedge Antilles,Wedge,3514,player,full_name
Wes,,,unresolved,two-part
Wes Carter,,,unresolved,two-part
Wes Masco,,,unresolved,two-part
Wescal Cantrell,Cantrell,3510,player,full_name
Whitney,,,unresolved,two-part
Whitney Pallando,Pallando,6469,player,token
Whorus,,,unresolved,two-part
Wibble,Wibble,3911,player,exact
Wibble Sniklit,Wibble,3911,player,full_name
Wilhelm Krieger,Krieger,6596,player,token
Wilks,,,unresolved,two-part
William Roice,,,unresolved,two-part
Wing Commander Ilan,,,unresolved,two-part
Winter Retrac,Winter,,annotation,annotation
Winthrop,,,unresolved,two-part
Wiyaana,,,unresolved,two-part
Woren Isaal,,,unresolved,two-part
Wrexan,Wrexan,12032,player,exact
Wrista,Wrista,11094,player,exact
Wrista Ipex,Wrista,11094,player,full_name
Wynn Ryder,Wynn,9927,player,full_name
Xa Fel waiter,Fel,11082,player,token
Xanatos,,,unresolved,two-part
Xanatos Baldur,,,unresolved,two-part
Xanatos Xavier,,,unresolved,two-part
Xanthe,,,unresolved,two-part
Xar'on Tanner,,,unresolved,two-part
Xegid Roark,,,unresolved,two-part
Xerxes Kherzen,Xerxes,696,player,full_name
Xianna,,,unresolved,two-part
Xy'lear,Xy'lear,10106,player,exact
Xy'lear Dagnmith,Xy'lear,10106,player,full_name
Yadumu,,,unresolved,two-part
Yarah Ravenlocke,,,unresolved,two-part
Yashar,,,unresolved,two-part
Yellowtail,,,unresolved,two-part
Yinda,,,unresolved,two-part
Ylsa Estrallas,,,unresolved,two-part
Ysanne Isard,Isard,10099,player,full_name
Ystile Wye,,,unresolved,two-part
Zaalbacca,,,unresolved,two-part
Zalla,,,unresolved,two-part
Zarcane,,,unresolved,two-part
Zeak,Zeak,3765,player,exact
Zeak Oppenheimer,Zeak,3765,player,token
Zeak Oppenhiemer,Zeak,3765,player,full_name
Zeebo Bex,Zeebo,10557,player,full_name
Zeebok,Zeebo,10557,player,fuzzy
Zerae,,,unresolved,two-part
Zergo,,,unresolved,two-part
Zhamari,,,unresolved,two-part
Zig Al Fidel,,,unresolved,two-part
Zrak,,,unresolved,two-part
Zrak'Hroun,,,unresolved,two-part
Zubindi Hakoon,Zubindi,4715,player,full_name
ak,,,unresolved,two-part
cadracak-'r'shak,,,unresolved,two-part
k'Halat,k'Halat,5090,player,exact
